date,route,origin,destination,vessel_class,rate_usd_per_tonne
2026-03-01,Australia-Paradip,Australia,Paradip,Handysize,30.22
2026-03-02,Australia-Paradip,Australia,Paradip,Handysize,29.47
2026-03-03,Australia-Paradip,Australia,Paradip,Handysize,30.91
2026-03-04,Australia-Paradip,Australia,Paradip,Handysize,30.2
2026-03-05,Australia-Paradip,Australia,Paradip,Handysize,30.41
2026-03-06,Australia-Paradip,Australia,Paradip,Handysize,30.51
2026-03-07,Australia-Paradip,Australia,Paradip,Handysize,30.78
2026-03-08,Australia-Paradip,Australia,Paradip,Handysize,30.13
2026-03-09,Australia-Paradip,Australia,Paradip,Handysize,30.73
2026-03-10,Australia-Paradip,Australia,Paradip,Handysize,30.59
2026-03-11,Australia-Paradip,Australia,Paradip,Handysize,30.29
2026-03-12,Australia-Paradip,Australia,Paradip,Handysize,31.28
2026-03-13,Australia-Paradip,Australia,Paradip,Handysize,30.9
2026-03-14,Australia-Paradip,Australia,Paradip,Handysize,31.12
2026-03-15,Australia-Paradip,Australia,Paradip,Handysize,31.12
2026-03-16,Australia-Paradip,Australia,Paradip,Handysize,30.99
2026-03-17,Australia-Paradip,Australia,Paradip,Handysize,31.84
2026-03-18,Australia-Paradip,Australia,Paradip,Handysize,31.22
2026-03-19,Australia-Paradip,Australia,Paradip,Handysize,30.73
2026-03-20,Australia-Paradip,Australia,Paradip,Handysize,31.16
2026-03-21,Australia-Paradip,Australia,Paradip,Handysize,31.59
2026-03-22,Australia-Paradip,Australia,Paradip,Handysize,31.66
2026-03-23,Australia-Paradip,Australia,Paradip,Handysize,31.16
2026-03-24,Australia-Paradip,Australia,Paradip,Handysize,31.89
2026-03-25,Australia-Paradip,Australia,Paradip,Handysize,31.0
2026-03-26,Australia-Paradip,Australia,Paradip,Handysize,32.08
2026-03-27,Australia-Paradip,Australia,Paradip,Handysize,31.25
2026-03-28,Australia-Paradip,Australia,Paradip,Handysize,31.71
2026-03-29,Australia-Paradip,Australia,Paradip,Handysize,32.2
2026-03-30,Australia-Paradip,Australia,Paradip,Handysize,31.92
2026-03-31,Australia-Paradip,Australia,Paradip,Handysize,32.21
2026-04-01,Australia-Paradip,Australia,Paradip,Handysize,32.25
2026-04-02,Australia-Paradip,Australia,Paradip,Handysize,32.54
2026-04-03,Australia-Paradip,Australia,Paradip,Handysize,32.48
2026-04-04,Australia-Paradip,Australia,Paradip,Handysize,32.03
2026-04-05,Australia-Paradip,Australia,Paradip,Handysize,32.43
2026-04-06,Australia-Paradip,Australia,Paradip,Handysize,31.73
2026-04-07,Australia-Paradip,Australia,Paradip,Handysize,32.23
2026-04-08,Australia-Paradip,Australia,Paradip,Handysize,32.55
2026-04-09,Australia-Paradip,Australia,Paradip,Handysize,32.36
2026-04-10,Australia-Paradip,Australia,Paradip,Handysize,32.54
2026-04-11,Australia-Paradip,Australia,Paradip,Handysize,32.36
2026-04-12,Australia-Paradip,Australia,Paradip,Handysize,32.87
2026-04-13,Australia-Paradip,Australia,Paradip,Handysize,32.48
2026-04-14,Australia-Paradip,Australia,Paradip,Handysize,32.34
2026-04-15,Australia-Paradip,Australia,Paradip,Handysize,32.83
2026-04-16,Australia-Paradip,Australia,Paradip,Handysize,32.05
2026-04-17,Australia-Paradip,Australia,Paradip,Handysize,32.78
2026-04-18,Australia-Paradip,Australia,Paradip,Handysize,32.29
2026-04-19,Australia-Paradip,Australia,Paradip,Handysize,33.08
2026-04-20,Australia-Paradip,Australia,Paradip,Handysize,32.58
2026-04-21,Australia-Paradip,Australia,Paradip,Handysize,32.74
2026-04-22,Australia-Paradip,Australia,Paradip,Handysize,32.84
2026-04-23,Australia-Paradip,Australia,Paradip,Handysize,32.06
2026-04-24,Australia-Paradip,Australia,Paradip,Handysize,32.57
2026-04-25,Australia-Paradip,Australia,Paradip,Handysize,33.21
2026-04-26,Australia-Paradip,Australia,Paradip,Handysize,33.15
2026-04-27,Australia-Paradip,Australia,Paradip,Handysize,32.95
2026-04-28,Australia-Paradip,Australia,Paradip,Handysize,32.41
2026-04-29,Australia-Paradip,Australia,Paradip,Handysize,33.13
2026-04-30,Australia-Paradip,Australia,Paradip,Handysize,33.18
2026-05-01,Australia-Paradip,Australia,Paradip,Handysize,32.95
2026-05-02,Australia-Paradip,Australia,Paradip,Handysize,33.34
2026-05-03,Australia-Paradip,Australia,Paradip,Handysize,32.65
2026-05-04,Australia-Paradip,Australia,Paradip,Handysize,32.74
2026-05-05,Australia-Paradip,Australia,Paradip,Handysize,32.1
2026-05-06,Australia-Paradip,Australia,Paradip,Handysize,33.29
2026-05-07,Australia-Paradip,Australia,Paradip,Handysize,33.11
2026-05-08,Australia-Paradip,Australia,Paradip,Handysize,32.43
2026-05-09,Australia-Paradip,Australia,Paradip,Handysize,32.38
2026-05-10,Australia-Paradip,Australia,Paradip,Handysize,32.7
2026-05-11,Australia-Paradip,Australia,Paradip,Handysize,33.33
2026-05-12,Australia-Paradip,Australia,Paradip,Handysize,32.94
2026-05-13,Australia-Paradip,Australia,Paradip,Handysize,32.81
2026-05-14,Australia-Paradip,Australia,Paradip,Handysize,32.65
2026-05-15,Australia-Paradip,Australia,Paradip,Handysize,32.65
2026-05-16,Australia-Paradip,Australia,Paradip,Handysize,32.34
2026-05-17,Australia-Paradip,Australia,Paradip,Handysize,32.57
2026-05-18,Australia-Paradip,Australia,Paradip,Handysize,32.61
2026-05-19,Australia-Paradip,Australia,Paradip,Handysize,33.15
2026-05-20,Australia-Paradip,Australia,Paradip,Handysize,32.83
2026-05-21,Australia-Paradip,Australia,Paradip,Handysize,32.59
2026-05-22,Australia-Paradip,Australia,Paradip,Handysize,33.72
2026-05-23,Australia-Paradip,Australia,Paradip,Handysize,32.64
2026-05-24,Australia-Paradip,Australia,Paradip,Handysize,33.24
2026-05-25,Australia-Paradip,Australia,Paradip,Handysize,33.36
2026-05-26,Australia-Paradip,Australia,Paradip,Handysize,32.25
2026-05-27,Australia-Paradip,Australia,Paradip,Handysize,32.81
2026-05-28,Australia-Paradip,Australia,Paradip,Handysize,32.56
2026-05-29,Australia-Paradip,Australia,Paradip,Handysize,32.52
2026-05-30,Australia-Paradip,Australia,Paradip,Handysize,32.9
2026-05-31,Australia-Paradip,Australia,Paradip,Handysize,32.49
2026-06-01,Australia-Paradip,Australia,Paradip,Handysize,32.49
2026-06-02,Australia-Paradip,Australia,Paradip,Handysize,32.56
2026-06-03,Australia-Paradip,Australia,Paradip,Handysize,32.45
2026-06-04,Australia-Paradip,Australia,Paradip,Handysize,32.09
2026-06-05,Australia-Paradip,Australia,Paradip,Handysize,32.76
2026-06-06,Australia-Paradip,Australia,Paradip,Handysize,32.82
2026-06-07,Australia-Paradip,Australia,Paradip,Handysize,32.54
2026-06-08,Australia-Paradip,Australia,Paradip,Handysize,32.24
2026-06-09,Australia-Paradip,Australia,Paradip,Handysize,32.05
2026-06-10,Australia-Paradip,Australia,Paradip,Handysize,32.0
2026-06-11,Australia-Paradip,Australia,Paradip,Handysize,33.03
2026-06-12,Australia-Paradip,Australia,Paradip,Handysize,32.47
2026-06-13,Australia-Paradip,Australia,Paradip,Handysize,31.8
2026-06-14,Australia-Paradip,Australia,Paradip,Handysize,32.13
2026-06-15,Australia-Paradip,Australia,Paradip,Handysize,31.96
2026-06-16,Australia-Paradip,Australia,Paradip,Handysize,32.26
2026-06-17,Australia-Paradip,Australia,Paradip,Handysize,32.21
2026-06-18,Australia-Paradip,Australia,Paradip,Handysize,32.36
2026-06-19,Australia-Paradip,Australia,Paradip,Handysize,31.58
2026-06-20,Australia-Paradip,Australia,Paradip,Handysize,31.88
2026-06-21,Australia-Paradip,Australia,Paradip,Handysize,31.19
2026-06-22,Australia-Paradip,Australia,Paradip,Handysize,31.39
2026-06-23,Australia-Paradip,Australia,Paradip,Handysize,32.1
2026-06-24,Australia-Paradip,Australia,Paradip,Handysize,31.42
2026-06-25,Australia-Paradip,Australia,Paradip,Handysize,31.42
2026-06-26,Australia-Paradip,Australia,Paradip,Handysize,31.63
2026-06-27,Australia-Paradip,Australia,Paradip,Handysize,31.87
2026-06-28,Australia-Paradip,Australia,Paradip,Handysize,31.24
2026-06-29,Australia-Paradip,Australia,Paradip,Handysize,30.38
2026-06-30,Australia-Paradip,Australia,Paradip,Handysize,31.22
2026-07-01,Australia-Paradip,Australia,Paradip,Handysize,31.95
2026-07-02,Australia-Paradip,Australia,Paradip,Handysize,31.57
2026-07-03,Australia-Paradip,Australia,Paradip,Handysize,31.89
2026-07-04,Australia-Paradip,Australia,Paradip,Handysize,31.05
2026-07-05,Australia-Paradip,Australia,Paradip,Handysize,30.81
2026-07-06,Australia-Paradip,Australia,Paradip,Handysize,31.49
2026-07-07,Australia-Paradip,Australia,Paradip,Handysize,31.37
2026-07-08,Australia-Paradip,Australia,Paradip,Handysize,31.34
2026-07-09,Australia-Paradip,Australia,Paradip,Handysize,31.48
2026-07-10,Australia-Paradip,Australia,Paradip,Handysize,31.26
2026-07-11,Australia-Paradip,Australia,Paradip,Handysize,31.19
2026-07-12,Australia-Paradip,Australia,Paradip,Handysize,31.28
2026-07-13,Australia-Paradip,Australia,Paradip,Handysize,31.14
2026-07-14,Australia-Paradip,Australia,Paradip,Handysize,31.28
2026-07-15,Australia-Paradip,Australia,Paradip,Handysize,31.27
2026-07-16,Australia-Paradip,Australia,Paradip,Handysize,31.41
2026-07-17,Australia-Paradip,Australia,Paradip,Handysize,30.64
2026-07-18,Australia-Paradip,Australia,Paradip,Handysize,30.97
2026-07-19,Australia-Paradip,Australia,Paradip,Handysize,30.65
2026-07-20,Australia-Paradip,Australia,Paradip,Handysize,30.49
2026-07-21,Australia-Paradip,Australia,Paradip,Handysize,30.47
2026-07-22,Australia-Paradip,Australia,Paradip,Handysize,30.86
2026-07-23,Australia-Paradip,Australia,Paradip,Handysize,30.82
2026-07-24,Australia-Paradip,Australia,Paradip,Handysize,30.81
2026-07-25,Australia-Paradip,Australia,Paradip,Handysize,30.53
2026-07-26,Australia-Paradip,Australia,Paradip,Handysize,30.54
2026-07-27,Australia-Paradip,Australia,Paradip,Handysize,30.82
2026-07-28,Australia-Paradip,Australia,Paradip,Handysize,30.0
2026-07-29,Australia-Paradip,Australia,Paradip,Handysize,30.52
2026-07-30,Australia-Paradip,Australia,Paradip,Handysize,30.54
2026-07-31,Australia-Paradip,Australia,Paradip,Handysize,30.73
2026-08-01,Australia-Paradip,Australia,Paradip,Handysize,29.98
2026-08-02,Australia-Paradip,Australia,Paradip,Handysize,30.97
2026-08-03,Australia-Paradip,Australia,Paradip,Handysize,30.49
2026-08-04,Australia-Paradip,Australia,Paradip,Handysize,30.55
2026-08-05,Australia-Paradip,Australia,Paradip,Handysize,30.32
2026-08-06,Australia-Paradip,Australia,Paradip,Handysize,30.6
2026-08-07,Australia-Paradip,Australia,Paradip,Handysize,30.44
2026-08-08,Australia-Paradip,Australia,Paradip,Handysize,30.81
2026-08-09,Australia-Paradip,Australia,Paradip,Handysize,29.91
2026-08-10,Australia-Paradip,Australia,Paradip,Handysize,30.5
2026-08-11,Australia-Paradip,Australia,Paradip,Handysize,30.56
2026-08-12,Australia-Paradip,Australia,Paradip,Handysize,30.37
2026-08-13,Australia-Paradip,Australia,Paradip,Handysize,30.31
2026-08-14,Australia-Paradip,Australia,Paradip,Handysize,30.35
2026-08-15,Australia-Paradip,Australia,Paradip,Handysize,30.6
2026-08-16,Australia-Paradip,Australia,Paradip,Handysize,29.9
2026-08-17,Australia-Paradip,Australia,Paradip,Handysize,30.86
2026-08-18,Australia-Paradip,Australia,Paradip,Handysize,30.33
2026-08-19,Australia-Paradip,Australia,Paradip,Handysize,30.53
2026-08-20,Australia-Paradip,Australia,Paradip,Handysize,30.62
2026-08-21,Australia-Paradip,Australia,Paradip,Handysize,30.33
2026-08-22,Australia-Paradip,Australia,Paradip,Handysize,30.49
2026-08-23,Australia-Paradip,Australia,Paradip,Handysize,29.86
2026-08-24,Australia-Paradip,Australia,Paradip,Handysize,30.84
2026-08-25,Australia-Paradip,Australia,Paradip,Handysize,31.03
2026-08-26,Australia-Paradip,Australia,Paradip,Handysize,30.06
2026-08-27,Australia-Paradip,Australia,Paradip,Handysize,30.62
2026-08-28,Australia-Paradip,Australia,Paradip,Handysize,30.37
2026-08-29,Australia-Paradip,Australia,Paradip,Handysize,30.74
2026-08-30,Australia-Paradip,Australia,Paradip,Handysize,31.02
2026-08-31,Australia-Paradip,Australia,Paradip,Handysize,31.18
2026-09-01,Australia-Paradip,Australia,Paradip,Handysize,31.24
2026-09-02,Australia-Paradip,Australia,Paradip,Handysize,31.36
2026-09-03,Australia-Paradip,Australia,Paradip,Handysize,30.87
2026-09-04,Australia-Paradip,Australia,Paradip,Handysize,30.57
2026-03-01,Australia-Paradip,Australia,Paradip,Supramax,25.66
2026-03-02,Australia-Paradip,Australia,Paradip,Supramax,24.72
2026-03-03,Australia-Paradip,Australia,Paradip,Supramax,24.67
2026-03-04,Australia-Paradip,Australia,Paradip,Supramax,25.1
2026-03-05,Australia-Paradip,Australia,Paradip,Supramax,25.4
2026-03-06,Australia-Paradip,Australia,Paradip,Supramax,25.59
2026-03-07,Australia-Paradip,Australia,Paradip,Supramax,25.55
2026-03-08,Australia-Paradip,Australia,Paradip,Supramax,25.87
2026-03-09,Australia-Paradip,Australia,Paradip,Supramax,25.38
2026-03-10,Australia-Paradip,Australia,Paradip,Supramax,26.42
2026-03-11,Australia-Paradip,Australia,Paradip,Supramax,25.96
2026-03-12,Australia-Paradip,Australia,Paradip,Supramax,26.45
2026-03-13,Australia-Paradip,Australia,Paradip,Supramax,26.28
2026-03-14,Australia-Paradip,Australia,Paradip,Supramax,26.34
2026-03-15,Australia-Paradip,Australia,Paradip,Supramax,26.41
2026-03-16,Australia-Paradip,Australia,Paradip,Supramax,26.44
2026-03-17,Australia-Paradip,Australia,Paradip,Supramax,26.56
2026-03-18,Australia-Paradip,Australia,Paradip,Supramax,26.89
2026-03-19,Australia-Paradip,Australia,Paradip,Supramax,26.55
2026-03-20,Australia-Paradip,Australia,Paradip,Supramax,26.76
2026-03-21,Australia-Paradip,Australia,Paradip,Supramax,26.61
2026-03-22,Australia-Paradip,Australia,Paradip,Supramax,27.22
2026-03-23,Australia-Paradip,Australia,Paradip,Supramax,26.56
2026-03-24,Australia-Paradip,Australia,Paradip,Supramax,27.46
2026-03-25,Australia-Paradip,Australia,Paradip,Supramax,26.87
2026-03-26,Australia-Paradip,Australia,Paradip,Supramax,26.46
2026-03-27,Australia-Paradip,Australia,Paradip,Supramax,27.05
2026-03-28,Australia-Paradip,Australia,Paradip,Supramax,26.85
2026-03-29,Australia-Paradip,Australia,Paradip,Supramax,27.44
2026-03-30,Australia-Paradip,Australia,Paradip,Supramax,26.98
2026-03-31,Australia-Paradip,Australia,Paradip,Supramax,27.1
2026-04-01,Australia-Paradip,Australia,Paradip,Supramax,26.72
2026-04-02,Australia-Paradip,Australia,Paradip,Supramax,27.29
2026-04-03,Australia-Paradip,Australia,Paradip,Supramax,26.63
2026-04-04,Australia-Paradip,Australia,Paradip,Supramax,27.02
2026-04-05,Australia-Paradip,Australia,Paradip,Supramax,27.87
2026-04-06,Australia-Paradip,Australia,Paradip,Supramax,27.94
2026-04-07,Australia-Paradip,Australia,Paradip,Supramax,27.82
2026-04-08,Australia-Paradip,Australia,Paradip,Supramax,27.35
2026-04-09,Australia-Paradip,Australia,Paradip,Supramax,27.74
2026-04-10,Australia-Paradip,Australia,Paradip,Supramax,27.83
2026-04-11,Australia-Paradip,Australia,Paradip,Supramax,27.49
2026-04-12,Australia-Paradip,Australia,Paradip,Supramax,28.47
2026-04-13,Australia-Paradip,Australia,Paradip,Supramax,28.29
2026-04-14,Australia-Paradip,Australia,Paradip,Supramax,27.92
2026-04-15,Australia-Paradip,Australia,Paradip,Supramax,28.03
2026-04-16,Australia-Paradip,Australia,Paradip,Supramax,28.13
2026-04-17,Australia-Paradip,Australia,Paradip,Supramax,27.42
2026-04-18,Australia-Paradip,Australia,Paradip,Supramax,28.1
2026-04-19,Australia-Paradip,Australia,Paradip,Supramax,27.94
2026-04-20,Australia-Paradip,Australia,Paradip,Supramax,27.88
2026-04-21,Australia-Paradip,Australia,Paradip,Supramax,28.16
2026-04-22,Australia-Paradip,Australia,Paradip,Supramax,28.91
2026-04-23,Australia-Paradip,Australia,Paradip,Supramax,28.56
2026-04-24,Australia-Paradip,Australia,Paradip,Supramax,28.2
2026-04-25,Australia-Paradip,Australia,Paradip,Supramax,28.66
2026-04-26,Australia-Paradip,Australia,Paradip,Supramax,28.96
2026-04-27,Australia-Paradip,Australia,Paradip,Supramax,28.82
2026-04-28,Australia-Paradip,Australia,Paradip,Supramax,28.55
2026-04-29,Australia-Paradip,Australia,Paradip,Supramax,28.36
2026-04-30,Australia-Paradip,Australia,Paradip,Supramax,28.84
2026-05-01,Australia-Paradip,Australia,Paradip,Supramax,28.76
2026-05-02,Australia-Paradip,Australia,Paradip,Supramax,28.92
2026-05-03,Australia-Paradip,Australia,Paradip,Supramax,28.82
2026-05-04,Australia-Paradip,Australia,Paradip,Supramax,29.01
2026-05-05,Australia-Paradip,Australia,Paradip,Supramax,28.51
2026-05-06,Australia-Paradip,Australia,Paradip,Supramax,29.17
2026-05-07,Australia-Paradip,Australia,Paradip,Supramax,28.83
2026-05-08,Australia-Paradip,Australia,Paradip,Supramax,29.51
2026-05-09,Australia-Paradip,Australia,Paradip,Supramax,28.53
2026-05-10,Australia-Paradip,Australia,Paradip,Supramax,29.4
2026-05-11,Australia-Paradip,Australia,Paradip,Supramax,28.92
2026-05-12,Australia-Paradip,Australia,Paradip,Supramax,28.63
2026-05-13,Australia-Paradip,Australia,Paradip,Supramax,28.74
2026-05-14,Australia-Paradip,Australia,Paradip,Supramax,28.72
2026-05-15,Australia-Paradip,Australia,Paradip,Supramax,29.01
2026-05-16,Australia-Paradip,Australia,Paradip,Supramax,29.05
2026-05-17,Australia-Paradip,Australia,Paradip,Supramax,28.66
2026-05-18,Australia-Paradip,Australia,Paradip,Supramax,28.85
2026-05-19,Australia-Paradip,Australia,Paradip,Supramax,29.55
2026-05-20,Australia-Paradip,Australia,Paradip,Supramax,29.39
2026-05-21,Australia-Paradip,Australia,Paradip,Supramax,28.94
2026-05-22,Australia-Paradip,Australia,Paradip,Supramax,28.84
2026-05-23,Australia-Paradip,Australia,Paradip,Supramax,28.85
2026-05-24,Australia-Paradip,Australia,Paradip,Supramax,28.99
2026-05-25,Australia-Paradip,Australia,Paradip,Supramax,28.39
2026-05-26,Australia-Paradip,Australia,Paradip,Supramax,28.67
2026-05-27,Australia-Paradip,Australia,Paradip,Supramax,28.18
2026-05-28,Australia-Paradip,Australia,Paradip,Supramax,28.87
2026-05-29,Australia-Paradip,Australia,Paradip,Supramax,28.96
2026-05-30,Australia-Paradip,Australia,Paradip,Supramax,28.55
2026-05-31,Australia-Paradip,Australia,Paradip,Supramax,29.28
2026-06-01,Australia-Paradip,Australia,Paradip,Supramax,28.26
2026-06-02,Australia-Paradip,Australia,Paradip,Supramax,28.15
2026-06-03,Australia-Paradip,Australia,Paradip,Supramax,28.71
2026-06-04,Australia-Paradip,Australia,Paradip,Supramax,28.93
2026-06-05,Australia-Paradip,Australia,Paradip,Supramax,29.15
2026-06-06,Australia-Paradip,Australia,Paradip,Supramax,28.38
2026-06-07,Australia-Paradip,Australia,Paradip,Supramax,28.9
2026-06-08,Australia-Paradip,Australia,Paradip,Supramax,28.47
2026-06-09,Australia-Paradip,Australia,Paradip,Supramax,28.36
2026-06-10,Australia-Paradip,Australia,Paradip,Supramax,28.69
2026-06-11,Australia-Paradip,Australia,Paradip,Supramax,28.58
2026-06-12,Australia-Paradip,Australia,Paradip,Supramax,27.75
2026-06-13,Australia-Paradip,Australia,Paradip,Supramax,28.78
2026-06-14,Australia-Paradip,Australia,Paradip,Supramax,28.73
2026-06-15,Australia-Paradip,Australia,Paradip,Supramax,28.06
2026-06-16,Australia-Paradip,Australia,Paradip,Supramax,28.39
2026-06-17,Australia-Paradip,Australia,Paradip,Supramax,28.41
2026-06-18,Australia-Paradip,Australia,Paradip,Supramax,28.3
2026-06-19,Australia-Paradip,Australia,Paradip,Supramax,27.93
2026-06-20,Australia-Paradip,Australia,Paradip,Supramax,27.85
2026-06-21,Australia-Paradip,Australia,Paradip,Supramax,28.05
2026-06-22,Australia-Paradip,Australia,Paradip,Supramax,28.51
2026-06-23,Australia-Paradip,Australia,Paradip,Supramax,28.26
2026-06-24,Australia-Paradip,Australia,Paradip,Supramax,27.92
2026-06-25,Australia-Paradip,Australia,Paradip,Supramax,28.29
2026-06-26,Australia-Paradip,Australia,Paradip,Supramax,26.95
2026-06-27,Australia-Paradip,Australia,Paradip,Supramax,28.36
2026-06-28,Australia-Paradip,Australia,Paradip,Supramax,27.34
2026-06-29,Australia-Paradip,Australia,Paradip,Supramax,27.81
2026-06-30,Australia-Paradip,Australia,Paradip,Supramax,27.49
2026-07-01,Australia-Paradip,Australia,Paradip,Supramax,27.44
2026-07-02,Australia-Paradip,Australia,Paradip,Supramax,28.23
2026-07-03,Australia-Paradip,Australia,Paradip,Supramax,27.65
2026-07-04,Australia-Paradip,Australia,Paradip,Supramax,27.97
2026-07-05,Australia-Paradip,Australia,Paradip,Supramax,27.78
2026-07-06,Australia-Paradip,Australia,Paradip,Supramax,27.92
2026-07-07,Australia-Paradip,Australia,Paradip,Supramax,27.75
2026-07-08,Australia-Paradip,Australia,Paradip,Supramax,27.23
2026-07-09,Australia-Paradip,Australia,Paradip,Supramax,27.96
2026-07-10,Australia-Paradip,Australia,Paradip,Supramax,27.41
2026-07-11,Australia-Paradip,Australia,Paradip,Supramax,26.98
2026-07-12,Australia-Paradip,Australia,Paradip,Supramax,27.37
2026-07-13,Australia-Paradip,Australia,Paradip,Supramax,27.99
2026-07-14,Australia-Paradip,Australia,Paradip,Supramax,27.79
2026-07-15,Australia-Paradip,Australia,Paradip,Supramax,27.32
2026-07-16,Australia-Paradip,Australia,Paradip,Supramax,27.29
2026-07-17,Australia-Paradip,Australia,Paradip,Supramax,27.3
2026-07-18,Australia-Paradip,Australia,Paradip,Supramax,28.09
2026-07-19,Australia-Paradip,Australia,Paradip,Supramax,27.48
2026-07-20,Australia-Paradip,Australia,Paradip,Supramax,27.52
2026-07-21,Australia-Paradip,Australia,Paradip,Supramax,27.66
2026-07-22,Australia-Paradip,Australia,Paradip,Supramax,27.38
2026-07-23,Australia-Paradip,Australia,Paradip,Supramax,27.2
2026-07-24,Australia-Paradip,Australia,Paradip,Supramax,27.23
2026-07-25,Australia-Paradip,Australia,Paradip,Supramax,27.22
2026-07-26,Australia-Paradip,Australia,Paradip,Supramax,27.18
2026-07-27,Australia-Paradip,Australia,Paradip,Supramax,27.45
2026-07-28,Australia-Paradip,Australia,Paradip,Supramax,27.22
2026-07-29,Australia-Paradip,Australia,Paradip,Supramax,27.45
2026-07-30,Australia-Paradip,Australia,Paradip,Supramax,27.17
2026-07-31,Australia-Paradip,Australia,Paradip,Supramax,27.2
2026-08-01,Australia-Paradip,Australia,Paradip,Supramax,26.48
2026-08-02,Australia-Paradip,Australia,Paradip,Supramax,27.5
2026-08-03,Australia-Paradip,Australia,Paradip,Supramax,27.28
2026-08-04,Australia-Paradip,Australia,Paradip,Supramax,27.56
2026-08-05,Australia-Paradip,Australia,Paradip,Supramax,26.21
2026-08-06,Australia-Paradip,Australia,Paradip,Supramax,27.92
2026-08-07,Australia-Paradip,Australia,Paradip,Supramax,27.16
2026-08-08,Australia-Paradip,Australia,Paradip,Supramax,27.58
2026-08-09,Australia-Paradip,Australia,Paradip,Supramax,26.85
2026-08-10,Australia-Paradip,Australia,Paradip,Supramax,27.47
2026-08-11,Australia-Paradip,Australia,Paradip,Supramax,26.87
2026-08-12,Australia-Paradip,Australia,Paradip,Supramax,27.06
2026-08-13,Australia-Paradip,Australia,Paradip,Supramax,27.98
2026-08-14,Australia-Paradip,Australia,Paradip,Supramax,27.28
2026-08-15,Australia-Paradip,Australia,Paradip,Supramax,27.49
2026-08-16,Australia-Paradip,Australia,Paradip,Supramax,27.73
2026-08-17,Australia-Paradip,Australia,Paradip,Supramax,27.59
2026-08-18,Australia-Paradip,Australia,Paradip,Supramax,27.46
2026-08-19,Australia-Paradip,Australia,Paradip,Supramax,27.53
2026-08-20,Australia-Paradip,Australia,Paradip,Supramax,28.26
2026-08-21,Australia-Paradip,Australia,Paradip,Supramax,27.43
2026-08-22,Australia-Paradip,Australia,Paradip,Supramax,27.56
2026-08-23,Australia-Paradip,Australia,Paradip,Supramax,27.91
2026-08-24,Australia-Paradip,Australia,Paradip,Supramax,27.95
2026-08-25,Australia-Paradip,Australia,Paradip,Supramax,28.05
2026-08-26,Australia-Paradip,Australia,Paradip,Supramax,27.88
2026-08-27,Australia-Paradip,Australia,Paradip,Supramax,27.37
2026-08-28,Australia-Paradip,Australia,Paradip,Supramax,28.39
2026-08-29,Australia-Paradip,Australia,Paradip,Supramax,27.43
2026-08-30,Australia-Paradip,Australia,Paradip,Supramax,27.94
2026-08-31,Australia-Paradip,Australia,Paradip,Supramax,27.62
2026-09-01,Australia-Paradip,Australia,Paradip,Supramax,27.9
2026-09-02,Australia-Paradip,Australia,Paradip,Supramax,28.09
2026-09-03,Australia-Paradip,Australia,Paradip,Supramax,28.15
2026-09-04,Australia-Paradip,Australia,Paradip,Supramax,28.22
2026-03-01,Australia-Paradip,Australia,Paradip,Panamax,21.46
2026-03-02,Australia-Paradip,Australia,Paradip,Panamax,21.45
2026-03-03,Australia-Paradip,Australia,Paradip,Panamax,20.83
2026-03-04,Australia-Paradip,Australia,Paradip,Panamax,21.21
2026-03-05,Australia-Paradip,Australia,Paradip,Panamax,21.96
2026-03-06,Australia-Paradip,Australia,Paradip,Panamax,21.86
2026-03-07,Australia-Paradip,Australia,Paradip,Panamax,22.02
2026-03-08,Australia-Paradip,Australia,Paradip,Panamax,22.09
2026-03-09,Australia-Paradip,Australia,Paradip,Panamax,22.37
2026-03-10,Australia-Paradip,Australia,Paradip,Panamax,21.91
2026-03-11,Australia-Paradip,Australia,Paradip,Panamax,22.1
2026-03-12,Australia-Paradip,Australia,Paradip,Panamax,21.75
2026-03-13,Australia-Paradip,Australia,Paradip,Panamax,21.73
2026-03-14,Australia-Paradip,Australia,Paradip,Panamax,21.61
2026-03-15,Australia-Paradip,Australia,Paradip,Panamax,21.89
2026-03-16,Australia-Paradip,Australia,Paradip,Panamax,22.79
2026-03-17,Australia-Paradip,Australia,Paradip,Panamax,21.74
2026-03-18,Australia-Paradip,Australia,Paradip,Panamax,22.25
2026-03-19,Australia-Paradip,Australia,Paradip,Panamax,21.94
2026-03-20,Australia-Paradip,Australia,Paradip,Panamax,22.2
2026-03-21,Australia-Paradip,Australia,Paradip,Panamax,22.57
2026-03-22,Australia-Paradip,Australia,Paradip,Panamax,22.32
2026-03-23,Australia-Paradip,Australia,Paradip,Panamax,23.01
2026-03-24,Australia-Paradip,Australia,Paradip,Panamax,23.18
2026-03-25,Australia-Paradip,Australia,Paradip,Panamax,21.9
2026-03-26,Australia-Paradip,Australia,Paradip,Panamax,22.5
2026-03-27,Australia-Paradip,Australia,Paradip,Panamax,22.79
2026-03-28,Australia-Paradip,Australia,Paradip,Panamax,23.22
2026-03-29,Australia-Paradip,Australia,Paradip,Panamax,22.71
2026-03-30,Australia-Paradip,Australia,Paradip,Panamax,22.9
2026-03-31,Australia-Paradip,Australia,Paradip,Panamax,22.54
2026-04-01,Australia-Paradip,Australia,Paradip,Panamax,22.51
2026-04-02,Australia-Paradip,Australia,Paradip,Panamax,23.6
2026-04-03,Australia-Paradip,Australia,Paradip,Panamax,22.47
2026-04-04,Australia-Paradip,Australia,Paradip,Panamax,24.0
2026-04-05,Australia-Paradip,Australia,Paradip,Panamax,23.44
2026-04-06,Australia-Paradip,Australia,Paradip,Panamax,23.48
2026-04-07,Australia-Paradip,Australia,Paradip,Panamax,23.42
2026-04-08,Australia-Paradip,Australia,Paradip,Panamax,23.14
2026-04-09,Australia-Paradip,Australia,Paradip,Panamax,23.41
2026-04-10,Australia-Paradip,Australia,Paradip,Panamax,23.26
2026-04-11,Australia-Paradip,Australia,Paradip,Panamax,23.56
2026-04-12,Australia-Paradip,Australia,Paradip,Panamax,23.39
2026-04-13,Australia-Paradip,Australia,Paradip,Panamax,23.1
2026-04-14,Australia-Paradip,Australia,Paradip,Panamax,23.11
2026-04-15,Australia-Paradip,Australia,Paradip,Panamax,23.08
2026-04-16,Australia-Paradip,Australia,Paradip,Panamax,23.78
2026-04-17,Australia-Paradip,Australia,Paradip,Panamax,23.28
2026-04-18,Australia-Paradip,Australia,Paradip,Panamax,22.87
2026-04-19,Australia-Paradip,Australia,Paradip,Panamax,23.65
2026-04-20,Australia-Paradip,Australia,Paradip,Panamax,24.07
2026-04-21,Australia-Paradip,Australia,Paradip,Panamax,23.82
2026-04-22,Australia-Paradip,Australia,Paradip,Panamax,23.34
2026-04-23,Australia-Paradip,Australia,Paradip,Panamax,23.03
2026-04-24,Australia-Paradip,Australia,Paradip,Panamax,23.59
2026-04-25,Australia-Paradip,Australia,Paradip,Panamax,23.62
2026-04-26,Australia-Paradip,Australia,Paradip,Panamax,23.33
2026-04-27,Australia-Paradip,Australia,Paradip,Panamax,23.86
2026-04-28,Australia-Paradip,Australia,Paradip,Panamax,24.34
2026-04-29,Australia-Paradip,Australia,Paradip,Panamax,23.81
2026-04-30,Australia-Paradip,Australia,Paradip,Panamax,23.78
2026-05-01,Australia-Paradip,Australia,Paradip,Panamax,23.39
2026-05-02,Australia-Paradip,Australia,Paradip,Panamax,24.18
2026-05-03,Australia-Paradip,Australia,Paradip,Panamax,23.63
2026-05-04,Australia-Paradip,Australia,Paradip,Panamax,23.48
2026-05-05,Australia-Paradip,Australia,Paradip,Panamax,23.75
2026-05-06,Australia-Paradip,Australia,Paradip,Panamax,23.88
2026-05-07,Australia-Paradip,Australia,Paradip,Panamax,23.79
2026-05-08,Australia-Paradip,Australia,Paradip,Panamax,24.17
2026-05-09,Australia-Paradip,Australia,Paradip,Panamax,23.86
2026-05-10,Australia-Paradip,Australia,Paradip,Panamax,23.63
2026-05-11,Australia-Paradip,Australia,Paradip,Panamax,23.9
2026-05-12,Australia-Paradip,Australia,Paradip,Panamax,23.92
2026-05-13,Australia-Paradip,Australia,Paradip,Panamax,23.33
2026-05-14,Australia-Paradip,Australia,Paradip,Panamax,24.09
2026-05-15,Australia-Paradip,Australia,Paradip,Panamax,23.59
2026-05-16,Australia-Paradip,Australia,Paradip,Panamax,23.59
2026-05-17,Australia-Paradip,Australia,Paradip,Panamax,23.92
2026-05-18,Australia-Paradip,Australia,Paradip,Panamax,23.9
2026-05-19,Australia-Paradip,Australia,Paradip,Panamax,23.31
2026-05-20,Australia-Paradip,Australia,Paradip,Panamax,23.81
2026-05-21,Australia-Paradip,Australia,Paradip,Panamax,23.32
2026-05-22,Australia-Paradip,Australia,Paradip,Panamax,24.17
2026-05-23,Australia-Paradip,Australia,Paradip,Panamax,23.2
2026-05-24,Australia-Paradip,Australia,Paradip,Panamax,23.53
2026-05-25,Australia-Paradip,Australia,Paradip,Panamax,23.12
2026-05-26,Australia-Paradip,Australia,Paradip,Panamax,24.17
2026-05-27,Australia-Paradip,Australia,Paradip,Panamax,22.94
2026-05-28,Australia-Paradip,Australia,Paradip,Panamax,23.51
2026-05-29,Australia-Paradip,Australia,Paradip,Panamax,23.05
2026-05-30,Australia-Paradip,Australia,Paradip,Panamax,23.15
2026-05-31,Australia-Paradip,Australia,Paradip,Panamax,23.43
2026-06-01,Australia-Paradip,Australia,Paradip,Panamax,23.64
2026-06-02,Australia-Paradip,Australia,Paradip,Panamax,23.73
2026-06-03,Australia-Paradip,Australia,Paradip,Panamax,22.57
2026-06-04,Australia-Paradip,Australia,Paradip,Panamax,23.12
2026-06-05,Australia-Paradip,Australia,Paradip,Panamax,23.51
2026-06-06,Australia-Paradip,Australia,Paradip,Panamax,22.38
2026-06-07,Australia-Paradip,Australia,Paradip,Panamax,23.03
2026-06-08,Australia-Paradip,Australia,Paradip,Panamax,22.87
2026-06-09,Australia-Paradip,Australia,Paradip,Panamax,22.93
2026-06-10,Australia-Paradip,Australia,Paradip,Panamax,22.46
2026-06-11,Australia-Paradip,Australia,Paradip,Panamax,22.17
2026-06-12,Australia-Paradip,Australia,Paradip,Panamax,21.94
2026-06-13,Australia-Paradip,Australia,Paradip,Panamax,22.9
2026-06-14,Australia-Paradip,Australia,Paradip,Panamax,22.91
2026-06-15,Australia-Paradip,Australia,Paradip,Panamax,22.64
2026-06-16,Australia-Paradip,Australia,Paradip,Panamax,22.3
2026-06-17,Australia-Paradip,Australia,Paradip,Panamax,21.88
2026-06-18,Australia-Paradip,Australia,Paradip,Panamax,22.6
2026-06-19,Australia-Paradip,Australia,Paradip,Panamax,21.91
2026-06-20,Australia-Paradip,Australia,Paradip,Panamax,22.0
2026-06-21,Australia-Paradip,Australia,Paradip,Panamax,22.0
2026-06-22,Australia-Paradip,Australia,Paradip,Panamax,22.16
2026-06-23,Australia-Paradip,Australia,Paradip,Panamax,21.91
2026-06-24,Australia-Paradip,Australia,Paradip,Panamax,22.14
2026-06-25,Australia-Paradip,Australia,Paradip,Panamax,21.86
2026-06-26,Australia-Paradip,Australia,Paradip,Panamax,22.24
2026-06-27,Australia-Paradip,Australia,Paradip,Panamax,22.34
2026-06-28,Australia-Paradip,Australia,Paradip,Panamax,21.99
2026-06-29,Australia-Paradip,Australia,Paradip,Panamax,22.09
2026-06-30,Australia-Paradip,Australia,Paradip,Panamax,22.6
2026-07-01,Australia-Paradip,Australia,Paradip,Panamax,21.44
2026-07-02,Australia-Paradip,Australia,Paradip,Panamax,21.33
2026-07-03,Australia-Paradip,Australia,Paradip,Panamax,21.97
2026-07-04,Australia-Paradip,Australia,Paradip,Panamax,22.43
2026-07-05,Australia-Paradip,Australia,Paradip,Panamax,21.58
2026-07-06,Australia-Paradip,Australia,Paradip,Panamax,22.21
2026-07-07,Australia-Paradip,Australia,Paradip,Panamax,21.6
2026-07-08,Australia-Paradip,Australia,Paradip,Panamax,21.27
2026-07-09,Australia-Paradip,Australia,Paradip,Panamax,21.07
2026-07-10,Australia-Paradip,Australia,Paradip,Panamax,21.59
2026-07-11,Australia-Paradip,Australia,Paradip,Panamax,20.97
2026-07-12,Australia-Paradip,Australia,Paradip,Panamax,21.29
2026-07-13,Australia-Paradip,Australia,Paradip,Panamax,21.75
2026-07-14,Australia-Paradip,Australia,Paradip,Panamax,21.09
2026-07-15,Australia-Paradip,Australia,Paradip,Panamax,21.59
2026-07-16,Australia-Paradip,Australia,Paradip,Panamax,20.66
2026-07-17,Australia-Paradip,Australia,Paradip,Panamax,20.88
2026-07-18,Australia-Paradip,Australia,Paradip,Panamax,20.5
2026-07-19,Australia-Paradip,Australia,Paradip,Panamax,20.99
2026-07-20,Australia-Paradip,Australia,Paradip,Panamax,21.24
2026-07-21,Australia-Paradip,Australia,Paradip,Panamax,20.91
2026-07-22,Australia-Paradip,Australia,Paradip,Panamax,21.28
2026-07-23,Australia-Paradip,Australia,Paradip,Panamax,20.56
2026-07-24,Australia-Paradip,Australia,Paradip,Panamax,20.89
2026-07-25,Australia-Paradip,Australia,Paradip,Panamax,20.56
2026-07-26,Australia-Paradip,Australia,Paradip,Panamax,20.8
2026-07-27,Australia-Paradip,Australia,Paradip,Panamax,20.84
2026-07-28,Australia-Paradip,Australia,Paradip,Panamax,20.85
2026-07-29,Australia-Paradip,Australia,Paradip,Panamax,20.25
2026-07-30,Australia-Paradip,Australia,Paradip,Panamax,20.29
2026-07-31,Australia-Paradip,Australia,Paradip,Panamax,20.31
2026-08-01,Australia-Paradip,Australia,Paradip,Panamax,20.46
2026-08-02,Australia-Paradip,Australia,Paradip,Panamax,20.56
2026-08-03,Australia-Paradip,Australia,Paradip,Panamax,20.73
2026-08-04,Australia-Paradip,Australia,Paradip,Panamax,20.23
2026-08-05,Australia-Paradip,Australia,Paradip,Panamax,19.96
2026-08-06,Australia-Paradip,Australia,Paradip,Panamax,21.22
2026-08-07,Australia-Paradip,Australia,Paradip,Panamax,20.07
2026-08-08,Australia-Paradip,Australia,Paradip,Panamax,20.72
2026-08-09,Australia-Paradip,Australia,Paradip,Panamax,20.45
2026-08-10,Australia-Paradip,Australia,Paradip,Panamax,20.55
2026-08-11,Australia-Paradip,Australia,Paradip,Panamax,20.42
2026-08-12,Australia-Paradip,Australia,Paradip,Panamax,20.31
2026-08-13,Australia-Paradip,Australia,Paradip,Panamax,20.61
2026-08-14,Australia-Paradip,Australia,Paradip,Panamax,20.31
2026-08-15,Australia-Paradip,Australia,Paradip,Panamax,20.93
2026-08-16,Australia-Paradip,Australia,Paradip,Panamax,20.71
2026-08-17,Australia-Paradip,Australia,Paradip,Panamax,20.69
2026-08-18,Australia-Paradip,Australia,Paradip,Panamax,20.28
2026-08-19,Australia-Paradip,Australia,Paradip,Panamax,20.35
2026-08-20,Australia-Paradip,Australia,Paradip,Panamax,20.02
2026-08-21,Australia-Paradip,Australia,Paradip,Panamax,20.32
2026-08-22,Australia-Paradip,Australia,Paradip,Panamax,20.1
2026-08-23,Australia-Paradip,Australia,Paradip,Panamax,20.95
2026-08-24,Australia-Paradip,Australia,Paradip,Panamax,20.52
2026-08-25,Australia-Paradip,Australia,Paradip,Panamax,20.61
2026-08-26,Australia-Paradip,Australia,Paradip,Panamax,20.48
2026-08-27,Australia-Paradip,Australia,Paradip,Panamax,20.72
2026-08-28,Australia-Paradip,Australia,Paradip,Panamax,21.55
2026-08-29,Australia-Paradip,Australia,Paradip,Panamax,20.57
2026-08-30,Australia-Paradip,Australia,Paradip,Panamax,20.43
2026-08-31,Australia-Paradip,Australia,Paradip,Panamax,20.88
2026-09-01,Australia-Paradip,Australia,Paradip,Panamax,19.82
2026-09-02,Australia-Paradip,Australia,Paradip,Panamax,20.77
2026-09-03,Australia-Paradip,Australia,Paradip,Panamax,20.65
2026-09-04,Australia-Paradip,Australia,Paradip,Panamax,20.46
2026-03-01,Australia-Paradip,Australia,Paradip,Capesize,17.53
2026-03-02,Australia-Paradip,Australia,Paradip,Capesize,17.74
2026-03-03,Australia-Paradip,Australia,Paradip,Capesize,17.59
2026-03-04,Australia-Paradip,Australia,Paradip,Capesize,17.88
2026-03-05,Australia-Paradip,Australia,Paradip,Capesize,17.77
2026-03-06,Australia-Paradip,Australia,Paradip,Capesize,17.09
2026-03-07,Australia-Paradip,Australia,Paradip,Capesize,17.54
2026-03-08,Australia-Paradip,Australia,Paradip,Capesize,17.89
2026-03-09,Australia-Paradip,Australia,Paradip,Capesize,17.54
2026-03-10,Australia-Paradip,Australia,Paradip,Capesize,18.24
2026-03-11,Australia-Paradip,Australia,Paradip,Capesize,18.59
2026-03-12,Australia-Paradip,Australia,Paradip,Capesize,18.51
2026-03-13,Australia-Paradip,Australia,Paradip,Capesize,18.06
2026-03-14,Australia-Paradip,Australia,Paradip,Capesize,18.63
2026-03-15,Australia-Paradip,Australia,Paradip,Capesize,18.15
2026-03-16,Australia-Paradip,Australia,Paradip,Capesize,18.01
2026-03-17,Australia-Paradip,Australia,Paradip,Capesize,17.92
2026-03-18,Australia-Paradip,Australia,Paradip,Capesize,18.07
2026-03-19,Australia-Paradip,Australia,Paradip,Capesize,18.05
2026-03-20,Australia-Paradip,Australia,Paradip,Capesize,18.24
2026-03-21,Australia-Paradip,Australia,Paradip,Capesize,18.32
2026-03-22,Australia-Paradip,Australia,Paradip,Capesize,18.29
2026-03-23,Australia-Paradip,Australia,Paradip,Capesize,18.48
2026-03-24,Australia-Paradip,Australia,Paradip,Capesize,18.74
2026-03-25,Australia-Paradip,Australia,Paradip,Capesize,18.67
2026-03-26,Australia-Paradip,Australia,Paradip,Capesize,17.85
2026-03-27,Australia-Paradip,Australia,Paradip,Capesize,17.47
2026-03-28,Australia-Paradip,Australia,Paradip,Capesize,18.73
2026-03-29,Australia-Paradip,Australia,Paradip,Capesize,17.94
2026-03-30,Australia-Paradip,Australia,Paradip,Capesize,18.36
2026-03-31,Australia-Paradip,Australia,Paradip,Capesize,18.03
2026-04-01,Australia-Paradip,Australia,Paradip,Capesize,17.89
2026-04-02,Australia-Paradip,Australia,Paradip,Capesize,18.74
2026-04-03,Australia-Paradip,Australia,Paradip,Capesize,18.8
2026-04-04,Australia-Paradip,Australia,Paradip,Capesize,18.38
2026-04-05,Australia-Paradip,Australia,Paradip,Capesize,17.66
2026-04-06,Australia-Paradip,Australia,Paradip,Capesize,18.4
2026-04-07,Australia-Paradip,Australia,Paradip,Capesize,18.69
2026-04-08,Australia-Paradip,Australia,Paradip,Capesize,18.01
2026-04-09,Australia-Paradip,Australia,Paradip,Capesize,18.61
2026-04-10,Australia-Paradip,Australia,Paradip,Capesize,18.58
2026-04-11,Australia-Paradip,Australia,Paradip,Capesize,18.8
2026-04-12,Australia-Paradip,Australia,Paradip,Capesize,18.65
2026-04-13,Australia-Paradip,Australia,Paradip,Capesize,18.26
2026-04-14,Australia-Paradip,Australia,Paradip,Capesize,18.99
2026-04-15,Australia-Paradip,Australia,Paradip,Capesize,18.5
2026-04-16,Australia-Paradip,Australia,Paradip,Capesize,18.53
2026-04-17,Australia-Paradip,Australia,Paradip,Capesize,18.25
2026-04-18,Australia-Paradip,Australia,Paradip,Capesize,18.43
2026-04-19,Australia-Paradip,Australia,Paradip,Capesize,18.23
2026-04-20,Australia-Paradip,Australia,Paradip,Capesize,18.48
2026-04-21,Australia-Paradip,Australia,Paradip,Capesize,19.13
2026-04-22,Australia-Paradip,Australia,Paradip,Capesize,18.02
2026-04-23,Australia-Paradip,Australia,Paradip,Capesize,17.95
2026-04-24,Australia-Paradip,Australia,Paradip,Capesize,19.05
2026-04-25,Australia-Paradip,Australia,Paradip,Capesize,18.48
2026-04-26,Australia-Paradip,Australia,Paradip,Capesize,18.29
2026-04-27,Australia-Paradip,Australia,Paradip,Capesize,18.86
2026-04-28,Australia-Paradip,Australia,Paradip,Capesize,18.28
2026-04-29,Australia-Paradip,Australia,Paradip,Capesize,19.15
2026-04-30,Australia-Paradip,Australia,Paradip,Capesize,18.71
2026-05-01,Australia-Paradip,Australia,Paradip,Capesize,18.28
2026-05-02,Australia-Paradip,Australia,Paradip,Capesize,19.15
2026-05-03,Australia-Paradip,Australia,Paradip,Capesize,18.12
2026-05-04,Australia-Paradip,Australia,Paradip,Capesize,18.6
2026-05-05,Australia-Paradip,Australia,Paradip,Capesize,18.46
2026-05-06,Australia-Paradip,Australia,Paradip,Capesize,18.78
2026-05-07,Australia-Paradip,Australia,Paradip,Capesize,18.87
2026-05-08,Australia-Paradip,Australia,Paradip,Capesize,18.32
2026-05-09,Australia-Paradip,Australia,Paradip,Capesize,17.99
2026-05-10,Australia-Paradip,Australia,Paradip,Capesize,18.39
2026-05-11,Australia-Paradip,Australia,Paradip,Capesize,18.0
2026-05-12,Australia-Paradip,Australia,Paradip,Capesize,18.91
2026-05-13,Australia-Paradip,Australia,Paradip,Capesize,18.26
2026-05-14,Australia-Paradip,Australia,Paradip,Capesize,17.97
2026-05-15,Australia-Paradip,Australia,Paradip,Capesize,18.14
2026-05-16,Australia-Paradip,Australia,Paradip,Capesize,17.57
2026-05-17,Australia-Paradip,Australia,Paradip,Capesize,17.65
2026-05-18,Australia-Paradip,Australia,Paradip,Capesize,18.36
2026-05-19,Australia-Paradip,Australia,Paradip,Capesize,17.61
2026-05-20,Australia-Paradip,Australia,Paradip,Capesize,17.42
2026-05-21,Australia-Paradip,Australia,Paradip,Capesize,17.93
2026-05-22,Australia-Paradip,Australia,Paradip,Capesize,18.16
2026-05-23,Australia-Paradip,Australia,Paradip,Capesize,17.92
2026-05-24,Australia-Paradip,Australia,Paradip,Capesize,17.94
2026-05-25,Australia-Paradip,Australia,Paradip,Capesize,17.26
2026-05-26,Australia-Paradip,Australia,Paradip,Capesize,17.0
2026-05-27,Australia-Paradip,Australia,Paradip,Capesize,17.98
2026-05-28,Australia-Paradip,Australia,Paradip,Capesize,17.27
2026-05-29,Australia-Paradip,Australia,Paradip,Capesize,17.25
2026-05-30,Australia-Paradip,Australia,Paradip,Capesize,17.74
2026-05-31,Australia-Paradip,Australia,Paradip,Capesize,17.44
2026-06-01,Australia-Paradip,Australia,Paradip,Capesize,17.33
2026-06-02,Australia-Paradip,Australia,Paradip,Capesize,17.85
2026-06-03,Australia-Paradip,Australia,Paradip,Capesize,16.79
2026-06-04,Australia-Paradip,Australia,Paradip,Capesize,17.23
2026-06-05,Australia-Paradip,Australia,Paradip,Capesize,16.87
2026-06-06,Australia-Paradip,Australia,Paradip,Capesize,16.89
2026-06-07,Australia-Paradip,Australia,Paradip,Capesize,17.26
2026-06-08,Australia-Paradip,Australia,Paradip,Capesize,16.83
2026-06-09,Australia-Paradip,Australia,Paradip,Capesize,16.73
2026-06-10,Australia-Paradip,Australia,Paradip,Capesize,16.84
2026-06-11,Australia-Paradip,Australia,Paradip,Capesize,16.26
2026-06-12,Australia-Paradip,Australia,Paradip,Capesize,15.99
2026-06-13,Australia-Paradip,Australia,Paradip,Capesize,15.85
2026-06-14,Australia-Paradip,Australia,Paradip,Capesize,15.47
2026-06-15,Australia-Paradip,Australia,Paradip,Capesize,16.86
2026-06-16,Australia-Paradip,Australia,Paradip,Capesize,15.69
2026-06-17,Australia-Paradip,Australia,Paradip,Capesize,15.93
2026-06-18,Australia-Paradip,Australia,Paradip,Capesize,15.84
2026-06-19,Australia-Paradip,Australia,Paradip,Capesize,15.91
2026-06-20,Australia-Paradip,Australia,Paradip,Capesize,16.01
2026-06-21,Australia-Paradip,Australia,Paradip,Capesize,15.96
2026-06-22,Australia-Paradip,Australia,Paradip,Capesize,15.45
2026-06-23,Australia-Paradip,Australia,Paradip,Capesize,15.52
2026-06-24,Australia-Paradip,Australia,Paradip,Capesize,15.61
2026-06-25,Australia-Paradip,Australia,Paradip,Capesize,15.35
2026-06-26,Australia-Paradip,Australia,Paradip,Capesize,15.89
2026-06-27,Australia-Paradip,Australia,Paradip,Capesize,15.46
2026-06-28,Australia-Paradip,Australia,Paradip,Capesize,15.5
2026-06-29,Australia-Paradip,Australia,Paradip,Capesize,15.42
2026-06-30,Australia-Paradip,Australia,Paradip,Capesize,15.5
2026-07-01,Australia-Paradip,Australia,Paradip,Capesize,15.12
2026-07-02,Australia-Paradip,Australia,Paradip,Capesize,14.49
2026-07-03,Australia-Paradip,Australia,Paradip,Capesize,15.03
2026-07-04,Australia-Paradip,Australia,Paradip,Capesize,14.65
2026-07-05,Australia-Paradip,Australia,Paradip,Capesize,14.59
2026-07-06,Australia-Paradip,Australia,Paradip,Capesize,14.9
2026-07-07,Australia-Paradip,Australia,Paradip,Capesize,15.06
2026-07-08,Australia-Paradip,Australia,Paradip,Capesize,14.54
2026-07-09,Australia-Paradip,Australia,Paradip,Capesize,14.53
2026-07-10,Australia-Paradip,Australia,Paradip,Capesize,14.95
2026-07-11,Australia-Paradip,Australia,Paradip,Capesize,14.34
2026-07-12,Australia-Paradip,Australia,Paradip,Capesize,15.11
2026-07-13,Australia-Paradip,Australia,Paradip,Capesize,14.3
2026-07-14,Australia-Paradip,Australia,Paradip,Capesize,13.47
2026-07-15,Australia-Paradip,Australia,Paradip,Capesize,14.26
2026-07-16,Australia-Paradip,Australia,Paradip,Capesize,14.05
2026-07-17,Australia-Paradip,Australia,Paradip,Capesize,14.33
2026-07-18,Australia-Paradip,Australia,Paradip,Capesize,14.01
2026-07-19,Australia-Paradip,Australia,Paradip,Capesize,13.67
2026-07-20,Australia-Paradip,Australia,Paradip,Capesize,13.27
2026-07-21,Australia-Paradip,Australia,Paradip,Capesize,13.52
2026-07-22,Australia-Paradip,Australia,Paradip,Capesize,13.24
2026-07-23,Australia-Paradip,Australia,Paradip,Capesize,13.28
2026-07-24,Australia-Paradip,Australia,Paradip,Capesize,13.65
2026-07-25,Australia-Paradip,Australia,Paradip,Capesize,13.94
2026-07-26,Australia-Paradip,Australia,Paradip,Capesize,13.4
2026-07-27,Australia-Paradip,Australia,Paradip,Capesize,12.8
2026-07-28,Australia-Paradip,Australia,Paradip,Capesize,13.33
2026-07-29,Australia-Paradip,Australia,Paradip,Capesize,13.55
2026-07-30,Australia-Paradip,Australia,Paradip,Capesize,12.88
2026-07-31,Australia-Paradip,Australia,Paradip,Capesize,12.97
2026-08-01,Australia-Paradip,Australia,Paradip,Capesize,12.98
2026-08-02,Australia-Paradip,Australia,Paradip,Capesize,12.66
2026-08-03,Australia-Paradip,Australia,Paradip,Capesize,13.1
2026-08-04,Australia-Paradip,Australia,Paradip,Capesize,12.84
2026-08-05,Australia-Paradip,Australia,Paradip,Capesize,13.0
2026-08-06,Australia-Paradip,Australia,Paradip,Capesize,12.46
2026-08-07,Australia-Paradip,Australia,Paradip,Capesize,12.6
2026-08-08,Australia-Paradip,Australia,Paradip,Capesize,12.94
2026-08-09,Australia-Paradip,Australia,Paradip,Capesize,12.54
2026-08-10,Australia-Paradip,Australia,Paradip,Capesize,13.27
2026-08-11,Australia-Paradip,Australia,Paradip,Capesize,12.47
2026-08-12,Australia-Paradip,Australia,Paradip,Capesize,12.68
2026-08-13,Australia-Paradip,Australia,Paradip,Capesize,12.91
2026-08-14,Australia-Paradip,Australia,Paradip,Capesize,12.08
2026-08-15,Australia-Paradip,Australia,Paradip,Capesize,11.99
2026-08-16,Australia-Paradip,Australia,Paradip,Capesize,12.03
2026-08-17,Australia-Paradip,Australia,Paradip,Capesize,12.96
2026-08-18,Australia-Paradip,Australia,Paradip,Capesize,12.27
2026-08-19,Australia-Paradip,Australia,Paradip,Capesize,13.31
2026-08-20,Australia-Paradip,Australia,Paradip,Capesize,12.2
2026-08-21,Australia-Paradip,Australia,Paradip,Capesize,12.45
2026-08-22,Australia-Paradip,Australia,Paradip,Capesize,12.91
2026-08-23,Australia-Paradip,Australia,Paradip,Capesize,13.08
2026-08-24,Australia-Paradip,Australia,Paradip,Capesize,13.08
2026-08-25,Australia-Paradip,Australia,Paradip,Capesize,12.81
2026-08-26,Australia-Paradip,Australia,Paradip,Capesize,12.73
2026-08-27,Australia-Paradip,Australia,Paradip,Capesize,12.64
2026-08-28,Australia-Paradip,Australia,Paradip,Capesize,12.72
2026-08-29,Australia-Paradip,Australia,Paradip,Capesize,12.22
2026-08-30,Australia-Paradip,Australia,Paradip,Capesize,12.08
2026-08-31,Australia-Paradip,Australia,Paradip,Capesize,12.37
2026-09-01,Australia-Paradip,Australia,Paradip,Capesize,12.3
2026-09-02,Australia-Paradip,Australia,Paradip,Capesize,12.22
2026-09-03,Australia-Paradip,Australia,Paradip,Capesize,12.64
2026-09-04,Australia-Paradip,Australia,Paradip,Capesize,12.72
2026-03-01,Indonesia-Visakhapatnam,Indonesia,Visakhapatnam,Handysize,19.44
2026-03-02,Indonesia-Visakhapatnam,Indonesia,Visakhapatnam,Handysize,20.77
2026-03-03,Indonesia-Visakhapatnam,Indonesia,Visakhapatnam,Handysize,20.44
2026-03-04,Indonesia-Visakhapatnam,Indonesia,Visakhapatnam,Handysize,20.41
2026-03-05,Indonesia-Visakhapatnam,Indonesia,Visakhapatnam,Handysize,20.49
2026-03-06,Indonesia-Visakhapatnam,Indonesia,Visakhapatnam,Handysize,20.81
2026-03-07,Indonesia-Visakhapatnam,Indonesia,Visakhapatnam,Handysize,21.16
2026-03-08,Indonesia-Visakhapatnam,Indonesia,Visakhapatnam,Handysize,20.61
2026-03-09,Indonesia-Visakhapatnam,Indonesia,Visakhapatnam,Handysize,21.22
2026-03-10,Indonesia-Visakhapatnam,Indonesia,Visakhapatnam,Handysize,21.45
2026-03-11,Indonesia-Visakhapatnam,Indonesia,Visakhapatnam,Handysize,21.97
2026-03-12,Indonesia-Visakhapatnam,Indonesia,Visakhapatnam,Handysize,21.0
2026-03-13,Indonesia-Visakhapatnam,Indonesia,Visakhapatnam,Handysize,21.34
2026-03-14,Indonesia-Visakhapatnam,Indonesia,Visakhapatnam,Handysize,21.57
2026-03-15,Indonesia-Visakhapatnam,Indonesia,Visakhapatnam,Handysize,21.91
2026-03-16,Indonesia-Visakhapatnam,Indonesia,Visakhapatnam,Handysize,21.46
2026-03-17,Indonesia-Visakhapatnam,Indonesia,Visakhapatnam,Handysize,22.03
2026-03-18,Indonesia-Visakhapatnam,Indonesia,Visakhapatnam,Handysize,21.01
2026-03-19,Indonesia-Visakhapatnam,Indonesia,Visakhapatnam,Handysize,21.3
2026-03-20,Indonesia-Visakhapatnam,Indonesia,Visakhapatnam,Handysize,21.89
2026-03-21,Indonesia-Visakhapatnam,Indonesia,Visakhapatnam,Handysize,21.39
2026-03-22,Indonesia-Visakhapatnam,Indonesia,Visakhapatnam,Handysize,21.54
2026-03-23,Indonesia-Visakhapatnam,Indonesia,Visakhapatnam,Handysize,21.84
2026-03-24,Indonesia-Visakhapatnam,Indonesia,Visakhapatnam,Handysize,22.32
2026-03-25,Indonesia-Visakhapatnam,Indonesia,Visakhapatnam,Handysize,21.44
2026-03-26,Indonesia-Visakhapatnam,Indonesia,Visakhapatnam,Handysize,22.23
2026-03-27,Indonesia-Visakhapatnam,Indonesia,Visakhapatnam,Handysize,22.56
2026-03-28,Indonesia-Visakhapatnam,Indonesia,Visakhapatnam,Handysize,22.21
2026-03-29,Indonesia-Visakhapatnam,Indonesia,Visakhapatnam,Handysize,22.2
2026-03-30,Indonesia-Visakhapatnam,Indonesia,Visakhapatnam,Handysize,22.52
2026-03-31,Indonesia-Visakhapatnam,Indonesia,Visakhapatnam,Handysize,22.36
2026-04-01,Indonesia-Visakhapatnam,Indonesia,Visakhapatnam,Handysize,23.03
2026-04-02,Indonesia-Visakhapatnam,Indonesia,Visakhapatnam,Handysize,22.21
2026-04-03,Indonesia-Visakhapatnam,Indonesia,Visakhapatnam,Handysize,22.61
2026-04-04,Indonesia-Visakhapatnam,Indonesia,Visakhapatnam,Handysize,22.78
2026-04-05,Indonesia-Visakhapatnam,Indonesia,Visakhapatnam,Handysize,22.6
2026-04-06,Indonesia-Visakhapatnam,Indonesia,Visakhapatnam,Handysize,21.78
2026-04-07,Indonesia-Visakhapatnam,Indonesia,Visakhapatnam,Handysize,22.73
2026-04-08,Indonesia-Visakhapatnam,Indonesia,Visakhapatnam,Handysize,23.11
2026-04-09,Indonesia-Visakhapatnam,Indonesia,Visakhapatnam,Handysize,23.12
2026-04-10,Indonesia-Visakhapatnam,Indonesia,Visakhapatnam,Handysize,23.05
2026-04-11,Indonesia-Visakhapatnam,Indonesia,Visakhapatnam,Handysize,22.59
2026-04-12,Indonesia-Visakhapatnam,Indonesia,Visakhapatnam,Handysize,23.16
2026-04-13,Indonesia-Visakhapatnam,Indonesia,Visakhapatnam,Handysize,22.85
2026-04-14,Indonesia-Visakhapatnam,Indonesia,Visakhapatnam,Handysize,23.18
2026-04-15,Indonesia-Visakhapatnam,Indonesia,Visakhapatnam,Handysize,23.12
2026-04-16,Indonesia-Visakhapatnam,Indonesia,Visakhapatnam,Handysize,22.76
2026-04-17,Indonesia-Visakhapatnam,Indonesia,Visakhapatnam,Handysize,22.86
2026-04-18,Indonesia-Visakhapatnam,Indonesia,Visakhapatnam,Handysize,23.34
2026-04-19,Indonesia-Visakhapatnam,Indonesia,Visakhapatnam,Handysize,23.12
2026-04-20,Indonesia-Visakhapatnam,Indonesia,Visakhapatnam,Handysize,22.95
2026-04-21,Indonesia-Visakhapatnam,Indonesia,Visakhapatnam,Handysize,22.94
2026-04-22,Indonesia-Visakhapatnam,Indonesia,Visakhapatnam,Handysize,23.17
2026-04-23,Indonesia-Visakhapatnam,Indonesia,Visakhapatnam,Handysize,23.87
2026-04-24,Indonesia-Visakhapatnam,Indonesia,Visakhapatnam,Handysize,23.2
2026-04-25,Indonesia-Visakhapatnam,Indonesia,Visakhapatnam,Handysize,23.43
2026-04-26,Indonesia-Visakhapatnam,Indonesia,Visakhapatnam,Handysize,23.47
2026-04-27,Indonesia-Visakhapatnam,Indonesia,Visakhapatnam,Handysize,23.05
2026-04-28,Indonesia-Visakhapatnam,Indonesia,Visakhapatnam,Handysize,22.87
2026-04-29,Indonesia-Visakhapatnam,Indonesia,Visakhapatnam,Handysize,23.17
2026-04-30,Indonesia-Visakhapatnam,Indonesia,Visakhapatnam,Handysize,23.62
2026-05-01,Indonesia-Visakhapatnam,Indonesia,Visakhapatnam,Handysize,23.58
2026-05-02,Indonesia-Visakhapatnam,Indonesia,Visakhapatnam,Handysize,23.77
2026-05-03,Indonesia-Visakhapatnam,Indonesia,Visakhapatnam,Handysize,23.54
2026-05-04,Indonesia-Visakhapatnam,Indonesia,Visakhapatnam,Handysize,23.5
2026-05-05,Indonesia-Visakhapatnam,Indonesia,Visakhapatnam,Handysize,23.38
2026-05-06,Indonesia-Visakhapatnam,Indonesia,Visakhapatnam,Handysize,23.91
2026-05-07,Indonesia-Visakhapatnam,Indonesia,Visakhapatnam,Handysize,23.32
2026-05-08,Indonesia-Visakhapatnam,Indonesia,Visakhapatnam,Handysize,23.27
2026-05-09,Indonesia-Visakhapatnam,Indonesia,Visakhapatnam,Handysize,23.84
2026-05-10,Indonesia-Visakhapatnam,Indonesia,Visakhapatnam,Handysize,23.19
2026-05-11,Indonesia-Visakhapatnam,Indonesia,Visakhapatnam,Handysize,24.54
2026-05-12,Indonesia-Visakhapatnam,Indonesia,Visakhapatnam,Handysize,23.73
2026-05-13,Indonesia-Visakhapatnam,Indonesia,Visakhapatnam,Handysize,23.86
2026-05-14,Indonesia-Visakhapatnam,Indonesia,Visakhapatnam,Handysize,23.38
2026-05-15,Indonesia-Visakhapatnam,Indonesia,Visakhapatnam,Handysize,23.57
2026-05-16,Indonesia-Visakhapatnam,Indonesia,Visakhapatnam,Handysize,23.53
2026-05-17,Indonesia-Visakhapatnam,Indonesia,Visakhapatnam,Handysize,23.47
2026-05-18,Indonesia-Visakhapatnam,Indonesia,Visakhapatnam,Handysize,23.88
2026-05-19,Indonesia-Visakhapatnam,Indonesia,Visakhapatnam,Handysize,23.43
2026-05-20,Indonesia-Visakhapatnam,Indonesia,Visakhapatnam,Handysize,23.92
2026-05-21,Indonesia-Visakhapatnam,Indonesia,Visakhapatnam,Handysize,24.5
2026-05-22,Indonesia-Visakhapatnam,Indonesia,Visakhapatnam,Handysize,23.49
2026-05-23,Indonesia-Visakhapatnam,Indonesia,Visakhapatnam,Handysize,23.62
2026-05-24,Indonesia-Visakhapatnam,Indonesia,Visakhapatnam,Handysize,23.65
2026-05-25,Indonesia-Visakhapatnam,Indonesia,Visakhapatnam,Handysize,24.12
2026-05-26,Indonesia-Visakhapatnam,Indonesia,Visakhapatnam,Handysize,23.47
2026-05-27,Indonesia-Visakhapatnam,Indonesia,Visakhapatnam,Handysize,23.2
2026-05-28,Indonesia-Visakhapatnam,Indonesia,Visakhapatnam,Handysize,23.01
2026-05-29,Indonesia-Visakhapatnam,Indonesia,Visakhapatnam,Handysize,23.42
2026-05-30,Indonesia-Visakhapatnam,Indonesia,Visakhapatnam,Handysize,23.27
2026-05-31,Indonesia-Visakhapatnam,Indonesia,Visakhapatnam,Handysize,24.13
2026-06-01,Indonesia-Visakhapatnam,Indonesia,Visakhapatnam,Handysize,24.0
2026-06-02,Indonesia-Visakhapatnam,Indonesia,Visakhapatnam,Handysize,22.98
2026-06-03,Indonesia-Visakhapatnam,Indonesia,Visakhapatnam,Handysize,23.06
2026-06-04,Indonesia-Visakhapatnam,Indonesia,Visakhapatnam,Handysize,23.26
2026-06-05,Indonesia-Visakhapatnam,Indonesia,Visakhapatnam,Handysize,23.7
2026-06-06,Indonesia-Visakhapatnam,Indonesia,Visakhapatnam,Handysize,23.21
2026-06-07,Indonesia-Visakhapatnam,Indonesia,Visakhapatnam,Handysize,22.93
2026-06-08,Indonesia-Visakhapatnam,Indonesia,Visakhapatnam,Handysize,23.1
2026-06-09,Indonesia-Visakhapatnam,Indonesia,Visakhapatnam,Handysize,22.83
2026-06-10,Indonesia-Visakhapatnam,Indonesia,Visakhapatnam,Handysize,23.21
2026-06-11,Indonesia-Visakhapatnam,Indonesia,Visakhapatnam,Handysize,22.71
2026-06-12,Indonesia-Visakhapatnam,Indonesia,Visakhapatnam,Handysize,22.72
2026-06-13,Indonesia-Visakhapatnam,Indonesia,Visakhapatnam,Handysize,23.27
2026-06-14,Indonesia-Visakhapatnam,Indonesia,Visakhapatnam,Handysize,22.57
2026-06-15,Indonesia-Visakhapatnam,Indonesia,Visakhapatnam,Handysize,22.35
2026-06-16,Indonesia-Visakhapatnam,Indonesia,Visakhapatnam,Handysize,22.86
2026-06-17,Indonesia-Visakhapatnam,Indonesia,Visakhapatnam,Handysize,22.67
2026-06-18,Indonesia-Visakhapatnam,Indonesia,Visakhapatnam,Handysize,22.94
2026-06-19,Indonesia-Visakhapatnam,Indonesia,Visakhapatnam,Handysize,22.78
2026-06-20,Indonesia-Visakhapatnam,Indonesia,Visakhapatnam,Handysize,22.62
2026-06-21,Indonesia-Visakhapatnam,Indonesia,Visakhapatnam,Handysize,22.57
2026-06-22,Indonesia-Visakhapatnam,Indonesia,Visakhapatnam,Handysize,22.37
2026-06-23,Indonesia-Visakhapatnam,Indonesia,Visakhapatnam,Handysize,22.61
2026-06-24,Indonesia-Visakhapatnam,Indonesia,Visakhapatnam,Handysize,22.86
2026-06-25,Indonesia-Visakhapatnam,Indonesia,Visakhapatnam,Handysize,22.18
2026-06-26,Indonesia-Visakhapatnam,Indonesia,Visakhapatnam,Handysize,22.44
2026-06-27,Indonesia-Visakhapatnam,Indonesia,Visakhapatnam,Handysize,22.8
2026-06-28,Indonesia-Visakhapatnam,Indonesia,Visakhapatnam,Handysize,22.6
2026-06-29,Indonesia-Visakhapatnam,Indonesia,Visakhapatnam,Handysize,22.87
2026-06-30,Indonesia-Visakhapatnam,Indonesia,Visakhapatnam,Handysize,22.15
2026-07-01,Indonesia-Visakhapatnam,Indonesia,Visakhapatnam,Handysize,21.71
2026-07-02,Indonesia-Visakhapatnam,Indonesia,Visakhapatnam,Handysize,22.34
2026-07-03,Indonesia-Visakhapatnam,Indonesia,Visakhapatnam,Handysize,22.38
2026-07-04,Indonesia-Visakhapatnam,Indonesia,Visakhapatnam,Handysize,22.76
2026-07-05,Indonesia-Visakhapatnam,Indonesia,Visakhapatnam,Handysize,22.63
2026-07-06,Indonesia-Visakhapatnam,Indonesia,Visakhapatnam,Handysize,22.35
2026-07-07,Indonesia-Visakhapatnam,Indonesia,Visakhapatnam,Handysize,22.4
2026-07-08,Indonesia-Visakhapatnam,Indonesia,Visakhapatnam,Handysize,22.02
2026-07-09,Indonesia-Visakhapatnam,Indonesia,Visakhapatnam,Handysize,21.58
2026-07-10,Indonesia-Visakhapatnam,Indonesia,Visakhapatnam,Handysize,22.01
2026-07-11,Indonesia-Visakhapatnam,Indonesia,Visakhapatnam,Handysize,22.25
2026-07-12,Indonesia-Visakhapatnam,Indonesia,Visakhapatnam,Handysize,22.12
2026-07-13,Indonesia-Visakhapatnam,Indonesia,Visakhapatnam,Handysize,22.12
2026-07-14,Indonesia-Visakhapatnam,Indonesia,Visakhapatnam,Handysize,21.7
2026-07-15,Indonesia-Visakhapatnam,Indonesia,Visakhapatnam,Handysize,21.7
2026-07-16,Indonesia-Visakhapatnam,Indonesia,Visakhapatnam,Handysize,21.92
2026-07-17,Indonesia-Visakhapatnam,Indonesia,Visakhapatnam,Handysize,21.56
2026-07-18,Indonesia-Visakhapatnam,Indonesia,Visakhapatnam,Handysize,21.5
2026-07-19,Indonesia-Visakhapatnam,Indonesia,Visakhapatnam,Handysize,21.77
2026-07-20,Indonesia-Visakhapatnam,Indonesia,Visakhapatnam,Handysize,21.94
2026-07-21,Indonesia-Visakhapatnam,Indonesia,Visakhapatnam,Handysize,21.53
2026-07-22,Indonesia-Visakhapatnam,Indonesia,Visakhapatnam,Handysize,21.18
2026-07-23,Indonesia-Visakhapatnam,Indonesia,Visakhapatnam,Handysize,21.31
2026-07-24,Indonesia-Visakhapatnam,Indonesia,Visakhapatnam,Handysize,21.64
2026-07-25,Indonesia-Visakhapatnam,Indonesia,Visakhapatnam,Handysize,21.58
2026-07-26,Indonesia-Visakhapatnam,Indonesia,Visakhapatnam,Handysize,21.54
2026-07-27,Indonesia-Visakhapatnam,Indonesia,Visakhapatnam,Handysize,21.63
2026-07-28,Indonesia-Visakhapatnam,Indonesia,Visakhapatnam,Handysize,21.44
2026-07-29,Indonesia-Visakhapatnam,Indonesia,Visakhapatnam,Handysize,21.53
2026-07-30,Indonesia-Visakhapatnam,Indonesia,Visakhapatnam,Handysize,21.41
2026-07-31,Indonesia-Visakhapatnam,Indonesia,Visakhapatnam,Handysize,21.8
2026-08-01,Indonesia-Visakhapatnam,Indonesia,Visakhapatnam,Handysize,21.89
2026-08-02,Indonesia-Visakhapatnam,Indonesia,Visakhapatnam,Handysize,20.97
2026-08-03,Indonesia-Visakhapatnam,Indonesia,Visakhapatnam,Handysize,21.27
2026-08-04,Indonesia-Visakhapatnam,Indonesia,Visakhapatnam,Handysize,21.41
2026-08-05,Indonesia-Visakhapatnam,Indonesia,Visakhapatnam,Handysize,21.31
2026-08-06,Indonesia-Visakhapatnam,Indonesia,Visakhapatnam,Handysize,21.99
2026-08-07,Indonesia-Visakhapatnam,Indonesia,Visakhapatnam,Handysize,21.46
2026-08-08,Indonesia-Visakhapatnam,Indonesia,Visakhapatnam,Handysize,21.07
2026-08-09,Indonesia-Visakhapatnam,Indonesia,Visakhapatnam,Handysize,21.58
2026-08-10,Indonesia-Visakhapatnam,Indonesia,Visakhapatnam,Handysize,21.5
2026-08-11,Indonesia-Visakhapatnam,Indonesia,Visakhapatnam,Handysize,21.49
2026-08-12,Indonesia-Visakhapatnam,Indonesia,Visakhapatnam,Handysize,22.04
2026-08-13,Indonesia-Visakhapatnam,Indonesia,Visakhapatnam,Handysize,21.55
2026-08-14,Indonesia-Visakhapatnam,Indonesia,Visakhapatnam,Handysize,21.35
2026-08-15,Indonesia-Visakhapatnam,Indonesia,Visakhapatnam,Handysize,20.83
2026-08-16,Indonesia-Visakhapatnam,Indonesia,Visakhapatnam,Handysize,21.46
2026-08-17,Indonesia-Visakhapatnam,Indonesia,Visakhapatnam,Handysize,21.96
2026-08-18,Indonesia-Visakhapatnam,Indonesia,Visakhapatnam,Handysize,21.46
2026-08-19,Indonesia-Visakhapatnam,Indonesia,Visakhapatnam,Handysize,20.69
2026-08-20,Indonesia-Visakhapatnam,Indonesia,Visakhapatnam,Handysize,21.31
2026-08-21,Indonesia-Visakhapatnam,Indonesia,Visakhapatnam,Handysize,21.86
2026-08-22,Indonesia-Visakhapatnam,Indonesia,Visakhapatnam,Handysize,21.73
2026-08-23,Indonesia-Visakhapatnam,Indonesia,Visakhapatnam,Handysize,21.29
2026-08-24,Indonesia-Visakhapatnam,Indonesia,Visakhapatnam,Handysize,21.4
2026-08-25,Indonesia-Visakhapatnam,Indonesia,Visakhapatnam,Handysize,21.52
2026-08-26,Indonesia-Visakhapatnam,Indonesia,Visakhapatnam,Handysize,21.45
2026-08-27,Indonesia-Visakhapatnam,Indonesia,Visakhapatnam,Handysize,21.07
2026-08-28,Indonesia-Visakhapatnam,Indonesia,Visakhapatnam,Handysize,22.1
2026-08-29,Indonesia-Visakhapatnam,Indonesia,Visakhapatnam,Handysize,22.27
2026-08-30,Indonesia-Visakhapatnam,Indonesia,Visakhapatnam,Handysize,21.29
2026-08-31,Indonesia-Visakhapatnam,Indonesia,Visakhapatnam,Handysize,22.3
2026-09-01,Indonesia-Visakhapatnam,Indonesia,Visakhapatnam,Handysize,21.86
2026-09-02,Indonesia-Visakhapatnam,Indonesia,Visakhapatnam,Handysize,22.37
2026-09-03,Indonesia-Visakhapatnam,Indonesia,Visakhapatnam,Handysize,22.01
2026-09-04,Indonesia-Visakhapatnam,Indonesia,Visakhapatnam,Handysize,22.07
2026-03-01,Indonesia-Visakhapatnam,Indonesia,Visakhapatnam,Supramax,16.6
2026-03-02,Indonesia-Visakhapatnam,Indonesia,Visakhapatnam,Supramax,17.47
2026-03-03,Indonesia-Visakhapatnam,Indonesia,Visakhapatnam,Supramax,16.96
2026-03-04,Indonesia-Visakhapatnam,Indonesia,Visakhapatnam,Supramax,17.29
2026-03-05,Indonesia-Visakhapatnam,Indonesia,Visakhapatnam,Supramax,17.36
2026-03-06,Indonesia-Visakhapatnam,Indonesia,Visakhapatnam,Supramax,17.21
2026-03-07,Indonesia-Visakhapatnam,Indonesia,Visakhapatnam,Supramax,17.59
2026-03-08,Indonesia-Visakhapatnam,Indonesia,Visakhapatnam,Supramax,17.29
2026-03-09,Indonesia-Visakhapatnam,Indonesia,Visakhapatnam,Supramax,17.79
2026-03-10,Indonesia-Visakhapatnam,Indonesia,Visakhapatnam,Supramax,17.08
2026-03-11,Indonesia-Visakhapatnam,Indonesia,Visakhapatnam,Supramax,17.63
2026-03-12,Indonesia-Visakhapatnam,Indonesia,Visakhapatnam,Supramax,18.29
2026-03-13,Indonesia-Visakhapatnam,Indonesia,Visakhapatnam,Supramax,17.31
2026-03-14,Indonesia-Visakhapatnam,Indonesia,Visakhapatnam,Supramax,17.41
2026-03-15,Indonesia-Visakhapatnam,Indonesia,Visakhapatnam,Supramax,17.82
2026-03-16,Indonesia-Visakhapatnam,Indonesia,Visakhapatnam,Supramax,17.73
2026-03-17,Indonesia-Visakhapatnam,Indonesia,Visakhapatnam,Supramax,17.8
2026-03-18,Indonesia-Visakhapatnam,Indonesia,Visakhapatnam,Supramax,17.9
2026-03-19,Indonesia-Visakhapatnam,Indonesia,Visakhapatnam,Supramax,17.96
2026-03-20,Indonesia-Visakhapatnam,Indonesia,Visakhapatnam,Supramax,18.13
2026-03-21,Indonesia-Visakhapatnam,Indonesia,Visakhapatnam,Supramax,17.97
2026-03-22,Indonesia-Visakhapatnam,Indonesia,Visakhapatnam,Supramax,17.77
2026-03-23,Indonesia-Visakhapatnam,Indonesia,Visakhapatnam,Supramax,18.13
2026-03-24,Indonesia-Visakhapatnam,Indonesia,Visakhapatnam,Supramax,18.55
2026-03-25,Indonesia-Visakhapatnam,Indonesia,Visakhapatnam,Supramax,17.86
2026-03-26,Indonesia-Visakhapatnam,Indonesia,Visakhapatnam,Supramax,17.6
2026-03-27,Indonesia-Visakhapatnam,Indonesia,Visakhapatnam,Supramax,18.33
2026-03-28,Indonesia-Visakhapatnam,Indonesia,Visakhapatnam,Supramax,17.94
2026-03-29,Indonesia-Visakhapatnam,Indonesia,Visakhapatnam,Supramax,17.24
2026-03-30,Indonesia-Visakhapatnam,Indonesia,Visakhapatnam,Supramax,18.32
2026-03-31,Indonesia-Visakhapatnam,Indonesia,Visakhapatnam,Supramax,17.84
2026-04-01,Indonesia-Visakhapatnam,Indonesia,Visakhapatnam,Supramax,18.08
2026-04-02,Indonesia-Visakhapatnam,Indonesia,Visakhapatnam,Supramax,18.26
2026-04-03,Indonesia-Visakhapatnam,Indonesia,Visakhapatnam,Supramax,18.2
2026-04-04,Indonesia-Visakhapatnam,Indonesia,Visakhapatnam,Supramax,18.43
2026-04-05,Indonesia-Visakhapatnam,Indonesia,Visakhapatnam,Supramax,18.02
2026-04-06,Indonesia-Visakhapatnam,Indonesia,Visakhapatnam,Supramax,18.38
2026-04-07,Indonesia-Visakhapatnam,Indonesia,Visakhapatnam,Supramax,18.07
2026-04-08,Indonesia-Visakhapatnam,Indonesia,Visakhapatnam,Supramax,18.4
2026-04-09,Indonesia-Visakhapatnam,Indonesia,Visakhapatnam,Supramax,18.38
2026-04-10,Indonesia-Visakhapatnam,Indonesia,Visakhapatnam,Supramax,17.87
2026-04-11,Indonesia-Visakhapatnam,Indonesia,Visakhapatnam,Supramax,18.6
2026-04-12,Indonesia-Visakhapatnam,Indonesia,Visakhapatnam,Supramax,18.04
2026-04-13,Indonesia-Visakhapatnam,Indonesia,Visakhapatnam,Supramax,18.51
2026-04-14,Indonesia-Visakhapatnam,Indonesia,Visakhapatnam,Supramax,18.32
2026-04-15,Indonesia-Visakhapatnam,Indonesia,Visakhapatnam,Supramax,18.83
2026-04-16,Indonesia-Visakhapatnam,Indonesia,Visakhapatnam,Supramax,18.1
2026-04-17,Indonesia-Visakhapatnam,Indonesia,Visakhapatnam,Supramax,18.09
2026-04-18,Indonesia-Visakhapatnam,Indonesia,Visakhapatnam,Supramax,18.22
2026-04-19,Indonesia-Visakhapatnam,Indonesia,Visakhapatnam,Supramax,18.07
2026-04-20,Indonesia-Visakhapatnam,Indonesia,Visakhapatnam,Supramax,18.47
2026-04-21,Indonesia-Visakhapatnam,Indonesia,Visakhapatnam,Supramax,17.61
2026-04-22,Indonesia-Visakhapatnam,Indonesia,Visakhapatnam,Supramax,17.79
2026-04-23,Indonesia-Visakhapatnam,Indonesia,Visakhapatnam,Supramax,17.8
2026-04-24,Indonesia-Visakhapatnam,Indonesia,Visakhapatnam,Supramax,18.53
2026-04-25,Indonesia-Visakhapatnam,Indonesia,Visakhapatnam,Supramax,18.81
2026-04-26,Indonesia-Visakhapatnam,Indonesia,Visakhapatnam,Supramax,18.15
2026-04-27,Indonesia-Visakhapatnam,Indonesia,Visakhapatnam,Supramax,18.1
2026-04-28,Indonesia-Visakhapatnam,Indonesia,Visakhapatnam,Supramax,18.19
2026-04-29,Indonesia-Visakhapatnam,Indonesia,Visakhapatnam,Supramax,18.58
2026-04-30,Indonesia-Visakhapatnam,Indonesia,Visakhapatnam,Supramax,17.82
2026-05-01,Indonesia-Visakhapatnam,Indonesia,Visakhapatnam,Supramax,18.21
2026-05-02,Indonesia-Visakhapatnam,Indonesia,Visakhapatnam,Supramax,18.42
2026-05-03,Indonesia-Visakhapatnam,Indonesia,Visakhapatnam,Supramax,18.19
2026-05-04,Indonesia-Visakhapatnam,Indonesia,Visakhapatnam,Supramax,18.09
2026-05-05,Indonesia-Visakhapatnam,Indonesia,Visakhapatnam,Supramax,18.39
2026-05-06,Indonesia-Visakhapatnam,Indonesia,Visakhapatnam,Supramax,17.07
2026-05-07,Indonesia-Visakhapatnam,Indonesia,Visakhapatnam,Supramax,18.26
2026-05-08,Indonesia-Visakhapatnam,Indonesia,Visakhapatnam,Supramax,17.77
2026-05-09,Indonesia-Visakhapatnam,Indonesia,Visakhapatnam,Supramax,17.31
2026-05-10,Indonesia-Visakhapatnam,Indonesia,Visakhapatnam,Supramax,18.11
2026-05-11,Indonesia-Visakhapatnam,Indonesia,Visakhapatnam,Supramax,18.43
2026-05-12,Indonesia-Visakhapatnam,Indonesia,Visakhapatnam,Supramax,17.87
2026-05-13,Indonesia-Visakhapatnam,Indonesia,Visakhapatnam,Supramax,18.26
2026-05-14,Indonesia-Visakhapatnam,Indonesia,Visakhapatnam,Supramax,18.37
2026-05-15,Indonesia-Visakhapatnam,Indonesia,Visakhapatnam,Supramax,18.26
2026-05-16,Indonesia-Visakhapatnam,Indonesia,Visakhapatnam,Supramax,18.33
2026-05-17,Indonesia-Visakhapatnam,Indonesia,Visakhapatnam,Supramax,17.97
2026-05-18,Indonesia-Visakhapatnam,Indonesia,Visakhapatnam,Supramax,17.7
2026-05-19,Indonesia-Visakhapatnam,Indonesia,Visakhapatnam,Supramax,17.01
2026-05-20,Indonesia-Visakhapatnam,Indonesia,Visakhapatnam,Supramax,17.43
2026-05-21,Indonesia-Visakhapatnam,Indonesia,Visakhapatnam,Supramax,17.19
2026-05-22,Indonesia-Visakhapatnam,Indonesia,Visakhapatnam,Supramax,18.24
2026-05-23,Indonesia-Visakhapatnam,Indonesia,Visakhapatnam,Supramax,17.35
2026-05-24,Indonesia-Visakhapatnam,Indonesia,Visakhapatnam,Supramax,17.38
2026-05-25,Indonesia-Visakhapatnam,Indonesia,Visakhapatnam,Supramax,17.47
2026-05-26,Indonesia-Visakhapatnam,Indonesia,Visakhapatnam,Supramax,17.26
2026-05-27,Indonesia-Visakhapatnam,Indonesia,Visakhapatnam,Supramax,17.8
2026-05-28,Indonesia-Visakhapatnam,Indonesia,Visakhapatnam,Supramax,16.92
2026-05-29,Indonesia-Visakhapatnam,Indonesia,Visakhapatnam,Supramax,17.16
2026-05-30,Indonesia-Visakhapatnam,Indonesia,Visakhapatnam,Supramax,16.78
2026-05-31,Indonesia-Visakhapatnam,Indonesia,Visakhapatnam,Supramax,16.55
2026-06-01,Indonesia-Visakhapatnam,Indonesia,Visakhapatnam,Supramax,16.72
2026-06-02,Indonesia-Visakhapatnam,Indonesia,Visakhapatnam,Supramax,16.85
2026-06-03,Indonesia-Visakhapatnam,Indonesia,Visakhapatnam,Supramax,16.64
2026-06-04,Indonesia-Visakhapatnam,Indonesia,Visakhapatnam,Supramax,16.44
2026-06-05,Indonesia-Visakhapatnam,Indonesia,Visakhapatnam,Supramax,16.14
2026-06-06,Indonesia-Visakhapatnam,Indonesia,Visakhapatnam,Supramax,16.55
2026-06-07,Indonesia-Visakhapatnam,Indonesia,Visakhapatnam,Supramax,15.99
2026-06-08,Indonesia-Visakhapatnam,Indonesia,Visakhapatnam,Supramax,16.71
2026-06-09,Indonesia-Visakhapatnam,Indonesia,Visakhapatnam,Supramax,16.36
2026-06-10,Indonesia-Visakhapatnam,Indonesia,Visakhapatnam,Supramax,15.75
2026-06-11,Indonesia-Visakhapatnam,Indonesia,Visakhapatnam,Supramax,16.07
2026-06-12,Indonesia-Visakhapatnam,Indonesia,Visakhapatnam,Supramax,15.82
2026-06-13,Indonesia-Visakhapatnam,Indonesia,Visakhapatnam,Supramax,16.13
2026-06-14,Indonesia-Visakhapatnam,Indonesia,Visakhapatnam,Supramax,16.43
2026-06-15,Indonesia-Visakhapatnam,Indonesia,Visakhapatnam,Supramax,15.29
2026-06-16,Indonesia-Visakhapatnam,Indonesia,Visakhapatnam,Supramax,15.92
2026-06-17,Indonesia-Visakhapatnam,Indonesia,Visakhapatnam,Supramax,15.77
2026-06-18,Indonesia-Visakhapatnam,Indonesia,Visakhapatnam,Supramax,15.98
2026-06-19,Indonesia-Visakhapatnam,Indonesia,Visakhapatnam,Supramax,15.7
2026-06-20,Indonesia-Visakhapatnam,Indonesia,Visakhapatnam,Supramax,15.29
2026-06-21,Indonesia-Visakhapatnam,Indonesia,Visakhapatnam,Supramax,15.37
2026-06-22,Indonesia-Visakhapatnam,Indonesia,Visakhapatnam,Supramax,15.21
2026-06-23,Indonesia-Visakhapatnam,Indonesia,Visakhapatnam,Supramax,15.79
2026-06-24,Indonesia-Visakhapatnam,Indonesia,Visakhapatnam,Supramax,15.35
2026-06-25,Indonesia-Visakhapatnam,Indonesia,Visakhapatnam,Supramax,15.94
2026-06-26,Indonesia-Visakhapatnam,Indonesia,Visakhapatnam,Supramax,15.15
2026-06-27,Indonesia-Visakhapatnam,Indonesia,Visakhapatnam,Supramax,14.88
2026-06-28,Indonesia-Visakhapatnam,Indonesia,Visakhapatnam,Supramax,14.55
2026-06-29,Indonesia-Visakhapatnam,Indonesia,Visakhapatnam,Supramax,14.41
2026-06-30,Indonesia-Visakhapatnam,Indonesia,Visakhapatnam,Supramax,14.39
2026-07-01,Indonesia-Visakhapatnam,Indonesia,Visakhapatnam,Supramax,15.01
2026-07-02,Indonesia-Visakhapatnam,Indonesia,Visakhapatnam,Supramax,14.98
2026-07-03,Indonesia-Visakhapatnam,Indonesia,Visakhapatnam,Supramax,14.19
2026-07-04,Indonesia-Visakhapatnam,Indonesia,Visakhapatnam,Supramax,15.06
2026-07-05,Indonesia-Visakhapatnam,Indonesia,Visakhapatnam,Supramax,14.48
2026-07-06,Indonesia-Visakhapatnam,Indonesia,Visakhapatnam,Supramax,14.61
2026-07-07,Indonesia-Visakhapatnam,Indonesia,Visakhapatnam,Supramax,15.06
2026-07-08,Indonesia-Visakhapatnam,Indonesia,Visakhapatnam,Supramax,14.72
2026-07-09,Indonesia-Visakhapatnam,Indonesia,Visakhapatnam,Supramax,14.2
2026-07-10,Indonesia-Visakhapatnam,Indonesia,Visakhapatnam,Supramax,13.92
2026-07-11,Indonesia-Visakhapatnam,Indonesia,Visakhapatnam,Supramax,13.38
2026-07-12,Indonesia-Visakhapatnam,Indonesia,Visakhapatnam,Supramax,13.83
2026-07-13,Indonesia-Visakhapatnam,Indonesia,Visakhapatnam,Supramax,13.92
2026-07-14,Indonesia-Visakhapatnam,Indonesia,Visakhapatnam,Supramax,13.63
2026-07-15,Indonesia-Visakhapatnam,Indonesia,Visakhapatnam,Supramax,13.84
2026-07-16,Indonesia-Visakhapatnam,Indonesia,Visakhapatnam,Supramax,13.84
2026-07-17,Indonesia-Visakhapatnam,Indonesia,Visakhapatnam,Supramax,13.7
2026-07-18,Indonesia-Visakhapatnam,Indonesia,Visakhapatnam,Supramax,13.45
2026-07-19,Indonesia-Visakhapatnam,Indonesia,Visakhapatnam,Supramax,13.69
2026-07-20,Indonesia-Visakhapatnam,Indonesia,Visakhapatnam,Supramax,13.76
2026-07-21,Indonesia-Visakhapatnam,Indonesia,Visakhapatnam,Supramax,13.12
2026-07-22,Indonesia-Visakhapatnam,Indonesia,Visakhapatnam,Supramax,13.94
2026-07-23,Indonesia-Visakhapatnam,Indonesia,Visakhapatnam,Supramax,13.37
2026-07-24,Indonesia-Visakhapatnam,Indonesia,Visakhapatnam,Supramax,13.38
2026-07-25,Indonesia-Visakhapatnam,Indonesia,Visakhapatnam,Supramax,13.53
2026-07-26,Indonesia-Visakhapatnam,Indonesia,Visakhapatnam,Supramax,13.27
2026-07-27,Indonesia-Visakhapatnam,Indonesia,Visakhapatnam,Supramax,13.48
2026-07-28,Indonesia-Visakhapatnam,Indonesia,Visakhapatnam,Supramax,13.21
2026-07-29,Indonesia-Visakhapatnam,Indonesia,Visakhapatnam,Supramax,12.85
2026-07-30,Indonesia-Visakhapatnam,Indonesia,Visakhapatnam,Supramax,13.15
2026-07-31,Indonesia-Visakhapatnam,Indonesia,Visakhapatnam,Supramax,12.56
2026-08-01,Indonesia-Visakhapatnam,Indonesia,Visakhapatnam,Supramax,12.96
2026-08-02,Indonesia-Visakhapatnam,Indonesia,Visakhapatnam,Supramax,12.87
2026-08-03,Indonesia-Visakhapatnam,Indonesia,Visakhapatnam,Supramax,12.75
2026-08-04,Indonesia-Visakhapatnam,Indonesia,Visakhapatnam,Supramax,12.79
2026-08-05,Indonesia-Visakhapatnam,Indonesia,Visakhapatnam,Supramax,12.15
2026-08-06,Indonesia-Visakhapatnam,Indonesia,Visakhapatnam,Supramax,12.54
2026-08-07,Indonesia-Visakhapatnam,Indonesia,Visakhapatnam,Supramax,12.75
2026-08-08,Indonesia-Visakhapatnam,Indonesia,Visakhapatnam,Supramax,12.71
2026-08-09,Indonesia-Visakhapatnam,Indonesia,Visakhapatnam,Supramax,12.28
2026-08-10,Indonesia-Visakhapatnam,Indonesia,Visakhapatnam,Supramax,13.08
2026-08-11,Indonesia-Visakhapatnam,Indonesia,Visakhapatnam,Supramax,12.28
2026-08-12,Indonesia-Visakhapatnam,Indonesia,Visakhapatnam,Supramax,12.92
2026-08-13,Indonesia-Visakhapatnam,Indonesia,Visakhapatnam,Supramax,12.71
2026-08-14,Indonesia-Visakhapatnam,Indonesia,Visakhapatnam,Supramax,12.33
2026-08-15,Indonesia-Visakhapatnam,Indonesia,Visakhapatnam,Supramax,13.21
2026-08-16,Indonesia-Visakhapatnam,Indonesia,Visakhapatnam,Supramax,12.14
2026-08-17,Indonesia-Visakhapatnam,Indonesia,Visakhapatnam,Supramax,12.83
2026-08-18,Indonesia-Visakhapatnam,Indonesia,Visakhapatnam,Supramax,12.81
2026-08-19,Indonesia-Visakhapatnam,Indonesia,Visakhapatnam,Supramax,12.18
2026-08-20,Indonesia-Visakhapatnam,Indonesia,Visakhapatnam,Supramax,12.88
2026-08-21,Indonesia-Visakhapatnam,Indonesia,Visakhapatnam,Supramax,12.3
2026-08-22,Indonesia-Visakhapatnam,Indonesia,Visakhapatnam,Supramax,12.48
2026-08-23,Indonesia-Visakhapatnam,Indonesia,Visakhapatnam,Supramax,12.48
2026-08-24,Indonesia-Visakhapatnam,Indonesia,Visakhapatnam,Supramax,12.33
2026-08-25,Indonesia-Visakhapatnam,Indonesia,Visakhapatnam,Supramax,12.69
2026-08-26,Indonesia-Visakhapatnam,Indonesia,Visakhapatnam,Supramax,12.66
2026-08-27,Indonesia-Visakhapatnam,Indonesia,Visakhapatnam,Supramax,11.84
2026-08-28,Indonesia-Visakhapatnam,Indonesia,Visakhapatnam,Supramax,12.92
2026-08-29,Indonesia-Visakhapatnam,Indonesia,Visakhapatnam,Supramax,11.85
2026-08-30,Indonesia-Visakhapatnam,Indonesia,Visakhapatnam,Supramax,12.76
2026-08-31,Indonesia-Visakhapatnam,Indonesia,Visakhapatnam,Supramax,12.8
2026-09-01,Indonesia-Visakhapatnam,Indonesia,Visakhapatnam,Supramax,12.02
2026-09-02,Indonesia-Visakhapatnam,Indonesia,Visakhapatnam,Supramax,12.27
2026-09-03,Indonesia-Visakhapatnam,Indonesia,Visakhapatnam,Supramax,12.05
2026-09-04,Indonesia-Visakhapatnam,Indonesia,Visakhapatnam,Supramax,12.36
2026-03-01,Indonesia-Visakhapatnam,Indonesia,Visakhapatnam,Panamax,14.13
2026-03-02,Indonesia-Visakhapatnam,Indonesia,Visakhapatnam,Panamax,14.4
2026-03-03,Indonesia-Visakhapatnam,Indonesia,Visakhapatnam,Panamax,14.67
2026-03-04,Indonesia-Visakhapatnam,Indonesia,Visakhapatnam,Panamax,14.72
2026-03-05,Indonesia-Visakhapatnam,Indonesia,Visakhapatnam,Panamax,14.36
2026-03-06,Indonesia-Visakhapatnam,Indonesia,Visakhapatnam,Panamax,15.36
2026-03-07,Indonesia-Visakhapatnam,Indonesia,Visakhapatnam,Panamax,15.02
2026-03-08,Indonesia-Visakhapatnam,Indonesia,Visakhapatnam,Panamax,14.93
2026-03-09,Indonesia-Visakhapatnam,Indonesia,Visakhapatnam,Panamax,15.63
2026-03-10,Indonesia-Visakhapatnam,Indonesia,Visakhapatnam,Panamax,14.93
2026-03-11,Indonesia-Visakhapatnam,Indonesia,Visakhapatnam,Panamax,14.84
2026-03-12,Indonesia-Visakhapatnam,Indonesia,Visakhapatnam,Panamax,15.93
2026-03-13,Indonesia-Visakhapatnam,Indonesia,Visakhapatnam,Panamax,16.23
2026-03-14,Indonesia-Visakhapatnam,Indonesia,Visakhapatnam,Panamax,15.44
2026-03-15,Indonesia-Visakhapatnam,Indonesia,Visakhapatnam,Panamax,15.61
2026-03-16,Indonesia-Visakhapatnam,Indonesia,Visakhapatnam,Panamax,15.29
2026-03-17,Indonesia-Visakhapatnam,Indonesia,Visakhapatnam,Panamax,15.74
2026-03-18,Indonesia-Visakhapatnam,Indonesia,Visakhapatnam,Panamax,15.66
2026-03-19,Indonesia-Visakhapatnam,Indonesia,Visakhapatnam,Panamax,15.84
2026-03-20,Indonesia-Visakhapatnam,Indonesia,Visakhapatnam,Panamax,16.06
2026-03-21,Indonesia-Visakhapatnam,Indonesia,Visakhapatnam,Panamax,15.65
2026-03-22,Indonesia-Visakhapatnam,Indonesia,Visakhapatnam,Panamax,15.98
2026-03-23,Indonesia-Visakhapatnam,Indonesia,Visakhapatnam,Panamax,15.55
2026-03-24,Indonesia-Visakhapatnam,Indonesia,Visakhapatnam,Panamax,16.09
2026-03-25,Indonesia-Visakhapatnam,Indonesia,Visakhapatnam,Panamax,16.24
2026-03-26,Indonesia-Visakhapatnam,Indonesia,Visakhapatnam,Panamax,16.43
2026-03-27,Indonesia-Visakhapatnam,Indonesia,Visakhapatnam,Panamax,16.47
2026-03-28,Indonesia-Visakhapatnam,Indonesia,Visakhapatnam,Panamax,16.78
2026-03-29,Indonesia-Visakhapatnam,Indonesia,Visakhapatnam,Panamax,15.98
2026-03-30,Indonesia-Visakhapatnam,Indonesia,Visakhapatnam,Panamax,16.06
2026-03-31,Indonesia-Visakhapatnam,Indonesia,Visakhapatnam,Panamax,16.81
2026-04-01,Indonesia-Visakhapatnam,Indonesia,Visakhapatnam,Panamax,16.03
2026-04-02,Indonesia-Visakhapatnam,Indonesia,Visakhapatnam,Panamax,16.88
2026-04-03,Indonesia-Visakhapatnam,Indonesia,Visakhapatnam,Panamax,16.43
2026-04-04,Indonesia-Visakhapatnam,Indonesia,Visakhapatnam,Panamax,17.48
2026-04-05,Indonesia-Visakhapatnam,Indonesia,Visakhapatnam,Panamax,17.04
2026-04-06,Indonesia-Visakhapatnam,Indonesia,Visakhapatnam,Panamax,16.94
2026-04-07,Indonesia-Visakhapatnam,Indonesia,Visakhapatnam,Panamax,17.45
2026-04-08,Indonesia-Visakhapatnam,Indonesia,Visakhapatnam,Panamax,16.67
2026-04-09,Indonesia-Visakhapatnam,Indonesia,Visakhapatnam,Panamax,16.79
2026-04-10,Indonesia-Visakhapatnam,Indonesia,Visakhapatnam,Panamax,16.73
2026-04-11,Indonesia-Visakhapatnam,Indonesia,Visakhapatnam,Panamax,16.93
2026-04-12,Indonesia-Visakhapatnam,Indonesia,Visakhapatnam,Panamax,17.3
2026-04-13,Indonesia-Visakhapatnam,Indonesia,Visakhapatnam,Panamax,17.5
2026-04-14,Indonesia-Visakhapatnam,Indonesia,Visakhapatnam,Panamax,17.66
2026-04-15,Indonesia-Visakhapatnam,Indonesia,Visakhapatnam,Panamax,16.71
2026-04-16,Indonesia-Visakhapatnam,Indonesia,Visakhapatnam,Panamax,17.32
2026-04-17,Indonesia-Visakhapatnam,Indonesia,Visakhapatnam,Panamax,17.07
2026-04-18,Indonesia-Visakhapatnam,Indonesia,Visakhapatnam,Panamax,17.44
2026-04-19,Indonesia-Visakhapatnam,Indonesia,Visakhapatnam,Panamax,18.32
2026-04-20,Indonesia-Visakhapatnam,Indonesia,Visakhapatnam,Panamax,17.65
2026-04-21,Indonesia-Visakhapatnam,Indonesia,Visakhapatnam,Panamax,17.89
2026-04-22,Indonesia-Visakhapatnam,Indonesia,Visakhapatnam,Panamax,18.28
2026-04-23,Indonesia-Visakhapatnam,Indonesia,Visakhapatnam,Panamax,18.04
2026-04-24,Indonesia-Visakhapatnam,Indonesia,Visakhapatnam,Panamax,17.55
2026-04-25,Indonesia-Visakhapatnam,Indonesia,Visakhapatnam,Panamax,17.32
2026-04-26,Indonesia-Visakhapatnam,Indonesia,Visakhapatnam,Panamax,17.76
2026-04-27,Indonesia-Visakhapatnam,Indonesia,Visakhapatnam,Panamax,17.59
2026-04-28,Indonesia-Visakhapatnam,Indonesia,Visakhapatnam,Panamax,17.29
2026-04-29,Indonesia-Visakhapatnam,Indonesia,Visakhapatnam,Panamax,17.97
2026-04-30,Indonesia-Visakhapatnam,Indonesia,Visakhapatnam,Panamax,17.98
2026-05-01,Indonesia-Visakhapatnam,Indonesia,Visakhapatnam,Panamax,18.53
2026-05-02,Indonesia-Visakhapatnam,Indonesia,Visakhapatnam,Panamax,17.77
2026-05-03,Indonesia-Visakhapatnam,Indonesia,Visakhapatnam,Panamax,17.97
2026-05-04,Indonesia-Visakhapatnam,Indonesia,Visakhapatnam,Panamax,17.68
2026-05-05,Indonesia-Visakhapatnam,Indonesia,Visakhapatnam,Panamax,18.28
2026-05-06,Indonesia-Visakhapatnam,Indonesia,Visakhapatnam,Panamax,17.94
2026-05-07,Indonesia-Visakhapatnam,Indonesia,Visakhapatnam,Panamax,17.62
2026-05-08,Indonesia-Visakhapatnam,Indonesia,Visakhapatnam,Panamax,18.04
2026-05-09,Indonesia-Visakhapatnam,Indonesia,Visakhapatnam,Panamax,18.18
2026-05-10,Indonesia-Visakhapatnam,Indonesia,Visakhapatnam,Panamax,18.15
2026-05-11,Indonesia-Visakhapatnam,Indonesia,Visakhapatnam,Panamax,18.48
2026-05-12,Indonesia-Visakhapatnam,Indonesia,Visakhapatnam,Panamax,17.61
2026-05-13,Indonesia-Visakhapatnam,Indonesia,Visakhapatnam,Panamax,17.87
2026-05-14,Indonesia-Visakhapatnam,Indonesia,Visakhapatnam,Panamax,18.31
2026-05-15,Indonesia-Visakhapatnam,Indonesia,Visakhapatnam,Panamax,17.86
2026-05-16,Indonesia-Visakhapatnam,Indonesia,Visakhapatnam,Panamax,18.2
2026-05-17,Indonesia-Visakhapatnam,Indonesia,Visakhapatnam,Panamax,17.25
2026-05-18,Indonesia-Visakhapatnam,Indonesia,Visakhapatnam,Panamax,19.05
2026-05-19,Indonesia-Visakhapatnam,Indonesia,Visakhapatnam,Panamax,17.94
2026-05-20,Indonesia-Visakhapatnam,Indonesia,Visakhapatnam,Panamax,18.44
2026-05-21,Indonesia-Visakhapatnam,Indonesia,Visakhapatnam,Panamax,17.91
2026-05-22,Indonesia-Visakhapatnam,Indonesia,Visakhapatnam,Panamax,18.21
2026-05-23,Indonesia-Visakhapatnam,Indonesia,Visakhapatnam,Panamax,18.56
2026-05-24,Indonesia-Visakhapatnam,Indonesia,Visakhapatnam,Panamax,18.41
2026-05-25,Indonesia-Visakhapatnam,Indonesia,Visakhapatnam,Panamax,17.9
2026-05-26,Indonesia-Visakhapatnam,Indonesia,Visakhapatnam,Panamax,17.94
2026-05-27,Indonesia-Visakhapatnam,Indonesia,Visakhapatnam,Panamax,18.33
2026-05-28,Indonesia-Visakhapatnam,Indonesia,Visakhapatnam,Panamax,18.76
2026-05-29,Indonesia-Visakhapatnam,Indonesia,Visakhapatnam,Panamax,18.01
2026-05-30,Indonesia-Visakhapatnam,Indonesia,Visakhapatnam,Panamax,18.61
2026-05-31,Indonesia-Visakhapatnam,Indonesia,Visakhapatnam,Panamax,17.85
2026-06-01,Indonesia-Visakhapatnam,Indonesia,Visakhapatnam,Panamax,18.23
2026-06-02,Indonesia-Visakhapatnam,Indonesia,Visakhapatnam,Panamax,18.25
2026-06-03,Indonesia-Visakhapatnam,Indonesia,Visakhapatnam,Panamax,17.69
2026-06-04,Indonesia-Visakhapatnam,Indonesia,Visakhapatnam,Panamax,17.5
2026-06-05,Indonesia-Visakhapatnam,Indonesia,Visakhapatnam,Panamax,18.15
2026-06-06,Indonesia-Visakhapatnam,Indonesia,Visakhapatnam,Panamax,17.55
2026-06-07,Indonesia-Visakhapatnam,Indonesia,Visakhapatnam,Panamax,17.39
2026-06-08,Indonesia-Visakhapatnam,Indonesia,Visakhapatnam,Panamax,17.43
2026-06-09,Indonesia-Visakhapatnam,Indonesia,Visakhapatnam,Panamax,17.42
2026-06-10,Indonesia-Visakhapatnam,Indonesia,Visakhapatnam,Panamax,17.86
2026-06-11,Indonesia-Visakhapatnam,Indonesia,Visakhapatnam,Panamax,17.7
2026-06-12,Indonesia-Visakhapatnam,Indonesia,Visakhapatnam,Panamax,17.72
2026-06-13,Indonesia-Visakhapatnam,Indonesia,Visakhapatnam,Panamax,17.58
2026-06-14,Indonesia-Visakhapatnam,Indonesia,Visakhapatnam,Panamax,17.21
2026-06-15,Indonesia-Visakhapatnam,Indonesia,Visakhapatnam,Panamax,17.69
2026-06-16,Indonesia-Visakhapatnam,Indonesia,Visakhapatnam,Panamax,17.83
2026-06-17,Indonesia-Visakhapatnam,Indonesia,Visakhapatnam,Panamax,17.6
2026-06-18,Indonesia-Visakhapatnam,Indonesia,Visakhapatnam,Panamax,17.52
2026-06-19,Indonesia-Visakhapatnam,Indonesia,Visakhapatnam,Panamax,17.0
2026-06-20,Indonesia-Visakhapatnam,Indonesia,Visakhapatnam,Panamax,17.31
2026-06-21,Indonesia-Visakhapatnam,Indonesia,Visakhapatnam,Panamax,16.92
2026-06-22,Indonesia-Visakhapatnam,Indonesia,Visakhapatnam,Panamax,17.24
2026-06-23,Indonesia-Visakhapatnam,Indonesia,Visakhapatnam,Panamax,16.64
2026-06-24,Indonesia-Visakhapatnam,Indonesia,Visakhapatnam,Panamax,16.62
2026-06-25,Indonesia-Visakhapatnam,Indonesia,Visakhapatnam,Panamax,17.09
2026-06-26,Indonesia-Visakhapatnam,Indonesia,Visakhapatnam,Panamax,16.9
2026-06-27,Indonesia-Visakhapatnam,Indonesia,Visakhapatnam,Panamax,17.13
2026-06-28,Indonesia-Visakhapatnam,Indonesia,Visakhapatnam,Panamax,17.03
2026-06-29,Indonesia-Visakhapatnam,Indonesia,Visakhapatnam,Panamax,17.08
2026-06-30,Indonesia-Visakhapatnam,Indonesia,Visakhapatnam,Panamax,17.22
2026-07-01,Indonesia-Visakhapatnam,Indonesia,Visakhapatnam,Panamax,16.86
2026-07-02,Indonesia-Visakhapatnam,Indonesia,Visakhapatnam,Panamax,16.87
2026-07-03,Indonesia-Visakhapatnam,Indonesia,Visakhapatnam,Panamax,17.44
2026-07-04,Indonesia-Visakhapatnam,Indonesia,Visakhapatnam,Panamax,16.97
2026-07-05,Indonesia-Visakhapatnam,Indonesia,Visakhapatnam,Panamax,16.84
2026-07-06,Indonesia-Visakhapatnam,Indonesia,Visakhapatnam,Panamax,16.89
2026-07-07,Indonesia-Visakhapatnam,Indonesia,Visakhapatnam,Panamax,16.78
2026-07-08,Indonesia-Visakhapatnam,Indonesia,Visakhapatnam,Panamax,16.54
2026-07-09,Indonesia-Visakhapatnam,Indonesia,Visakhapatnam,Panamax,16.36
2026-07-10,Indonesia-Visakhapatnam,Indonesia,Visakhapatnam,Panamax,16.42
2026-07-11,Indonesia-Visakhapatnam,Indonesia,Visakhapatnam,Panamax,16.93
2026-07-12,Indonesia-Visakhapatnam,Indonesia,Visakhapatnam,Panamax,16.39
2026-07-13,Indonesia-Visakhapatnam,Indonesia,Visakhapatnam,Panamax,16.5
2026-07-14,Indonesia-Visakhapatnam,Indonesia,Visakhapatnam,Panamax,16.83
2026-07-15,Indonesia-Visakhapatnam,Indonesia,Visakhapatnam,Panamax,16.43
2026-07-16,Indonesia-Visakhapatnam,Indonesia,Visakhapatnam,Panamax,16.72
2026-07-17,Indonesia-Visakhapatnam,Indonesia,Visakhapatnam,Panamax,15.96
2026-07-18,Indonesia-Visakhapatnam,Indonesia,Visakhapatnam,Panamax,16.39
2026-07-19,Indonesia-Visakhapatnam,Indonesia,Visakhapatnam,Panamax,16.45
2026-07-20,Indonesia-Visakhapatnam,Indonesia,Visakhapatnam,Panamax,16.45
2026-07-21,Indonesia-Visakhapatnam,Indonesia,Visakhapatnam,Panamax,15.8
2026-07-22,Indonesia-Visakhapatnam,Indonesia,Visakhapatnam,Panamax,16.78
2026-07-23,Indonesia-Visakhapatnam,Indonesia,Visakhapatnam,Panamax,16.05
2026-07-24,Indonesia-Visakhapatnam,Indonesia,Visakhapatnam,Panamax,16.47
2026-07-25,Indonesia-Visakhapatnam,Indonesia,Visakhapatnam,Panamax,16.31
2026-07-26,Indonesia-Visakhapatnam,Indonesia,Visakhapatnam,Panamax,16.6
2026-07-27,Indonesia-Visakhapatnam,Indonesia,Visakhapatnam,Panamax,17.02
2026-07-28,Indonesia-Visakhapatnam,Indonesia,Visakhapatnam,Panamax,15.8
2026-07-29,Indonesia-Visakhapatnam,Indonesia,Visakhapatnam,Panamax,16.02
2026-07-30,Indonesia-Visakhapatnam,Indonesia,Visakhapatnam,Panamax,16.31
2026-07-31,Indonesia-Visakhapatnam,Indonesia,Visakhapatnam,Panamax,15.83
2026-08-01,Indonesia-Visakhapatnam,Indonesia,Visakhapatnam,Panamax,16.49
2026-08-02,Indonesia-Visakhapatnam,Indonesia,Visakhapatnam,Panamax,16.51
2026-08-03,Indonesia-Visakhapatnam,Indonesia,Visakhapatnam,Panamax,16.39
2026-08-04,Indonesia-Visakhapatnam,Indonesia,Visakhapatnam,Panamax,16.33
2026-08-05,Indonesia-Visakhapatnam,Indonesia,Visakhapatnam,Panamax,16.73
2026-08-06,Indonesia-Visakhapatnam,Indonesia,Visakhapatnam,Panamax,15.81
2026-08-07,Indonesia-Visakhapatnam,Indonesia,Visakhapatnam,Panamax,16.26
2026-08-08,Indonesia-Visakhapatnam,Indonesia,Visakhapatnam,Panamax,15.95
2026-08-09,Indonesia-Visakhapatnam,Indonesia,Visakhapatnam,Panamax,16.55
2026-08-10,Indonesia-Visakhapatnam,Indonesia,Visakhapatnam,Panamax,15.63
2026-08-11,Indonesia-Visakhapatnam,Indonesia,Visakhapatnam,Panamax,16.25
2026-08-12,Indonesia-Visakhapatnam,Indonesia,Visakhapatnam,Panamax,16.41
2026-08-13,Indonesia-Visakhapatnam,Indonesia,Visakhapatnam,Panamax,15.98
2026-08-14,Indonesia-Visakhapatnam,Indonesia,Visakhapatnam,Panamax,16.13
2026-08-15,Indonesia-Visakhapatnam,Indonesia,Visakhapatnam,Panamax,16.42
2026-08-16,Indonesia-Visakhapatnam,Indonesia,Visakhapatnam,Panamax,16.76
2026-08-17,Indonesia-Visakhapatnam,Indonesia,Visakhapatnam,Panamax,16.05
2026-08-18,Indonesia-Visakhapatnam,Indonesia,Visakhapatnam,Panamax,16.1
2026-08-19,Indonesia-Visakhapatnam,Indonesia,Visakhapatnam,Panamax,16.79
2026-08-20,Indonesia-Visakhapatnam,Indonesia,Visakhapatnam,Panamax,16.32
2026-08-21,Indonesia-Visakhapatnam,Indonesia,Visakhapatnam,Panamax,16.17
2026-08-22,Indonesia-Visakhapatnam,Indonesia,Visakhapatnam,Panamax,16.73
2026-08-23,Indonesia-Visakhapatnam,Indonesia,Visakhapatnam,Panamax,16.35
2026-08-24,Indonesia-Visakhapatnam,Indonesia,Visakhapatnam,Panamax,16.9
2026-08-25,Indonesia-Visakhapatnam,Indonesia,Visakhapatnam,Panamax,16.38
2026-08-26,Indonesia-Visakhapatnam,Indonesia,Visakhapatnam,Panamax,16.58
2026-08-27,Indonesia-Visakhapatnam,Indonesia,Visakhapatnam,Panamax,17.07
2026-08-28,Indonesia-Visakhapatnam,Indonesia,Visakhapatnam,Panamax,16.71
2026-08-29,Indonesia-Visakhapatnam,Indonesia,Visakhapatnam,Panamax,17.06
2026-08-30,Indonesia-Visakhapatnam,Indonesia,Visakhapatnam,Panamax,16.78
2026-08-31,Indonesia-Visakhapatnam,Indonesia,Visakhapatnam,Panamax,17.54
2026-09-01,Indonesia-Visakhapatnam,Indonesia,Visakhapatnam,Panamax,17.42
2026-09-02,Indonesia-Visakhapatnam,Indonesia,Visakhapatnam,Panamax,16.47
2026-09-03,Indonesia-Visakhapatnam,Indonesia,Visakhapatnam,Panamax,17.17
2026-09-04,Indonesia-Visakhapatnam,Indonesia,Visakhapatnam,Panamax,16.74
2026-03-01,Indonesia-Visakhapatnam,Indonesia,Visakhapatnam,Capesize,11.95
2026-03-02,Indonesia-Visakhapatnam,Indonesia,Visakhapatnam,Capesize,12.05
2026-03-03,Indonesia-Visakhapatnam,Indonesia,Visakhapatnam,Capesize,11.86
2026-03-04,Indonesia-Visakhapatnam,Indonesia,Visakhapatnam,Capesize,12.09
2026-03-05,Indonesia-Visakhapatnam,Indonesia,Visakhapatnam,Capesize,12.48
2026-03-06,Indonesia-Visakhapatnam,Indonesia,Visakhapatnam,Capesize,12.75
2026-03-07,Indonesia-Visakhapatnam,Indonesia,Visakhapatnam,Capesize,12.4
2026-03-08,Indonesia-Visakhapatnam,Indonesia,Visakhapatnam,Capesize,12.39
2026-03-09,Indonesia-Visakhapatnam,Indonesia,Visakhapatnam,Capesize,12.61
2026-03-10,Indonesia-Visakhapatnam,Indonesia,Visakhapatnam,Capesize,12.91
2026-03-11,Indonesia-Visakhapatnam,Indonesia,Visakhapatnam,Capesize,12.25
2026-03-12,Indonesia-Visakhapatnam,Indonesia,Visakhapatnam,Capesize,12.01
2026-03-13,Indonesia-Visakhapatnam,Indonesia,Visakhapatnam,Capesize,12.7
2026-03-14,Indonesia-Visakhapatnam,Indonesia,Visakhapatnam,Capesize,12.47
2026-03-15,Indonesia-Visakhapatnam,Indonesia,Visakhapatnam,Capesize,12.74
2026-03-16,Indonesia-Visakhapatnam,Indonesia,Visakhapatnam,Capesize,12.92
2026-03-17,Indonesia-Visakhapatnam,Indonesia,Visakhapatnam,Capesize,12.85
2026-03-18,Indonesia-Visakhapatnam,Indonesia,Visakhapatnam,Capesize,13.6
2026-03-19,Indonesia-Visakhapatnam,Indonesia,Visakhapatnam,Capesize,13.24
2026-03-20,Indonesia-Visakhapatnam,Indonesia,Visakhapatnam,Capesize,13.26
2026-03-21,Indonesia-Visakhapatnam,Indonesia,Visakhapatnam,Capesize,13.48
2026-03-22,Indonesia-Visakhapatnam,Indonesia,Visakhapatnam,Capesize,12.92
2026-03-23,Indonesia-Visakhapatnam,Indonesia,Visakhapatnam,Capesize,13.75
2026-03-24,Indonesia-Visakhapatnam,Indonesia,Visakhapatnam,Capesize,13.38
2026-03-25,Indonesia-Visakhapatnam,Indonesia,Visakhapatnam,Capesize,13.69
2026-03-26,Indonesia-Visakhapatnam,Indonesia,Visakhapatnam,Capesize,13.14
2026-03-27,Indonesia-Visakhapatnam,Indonesia,Visakhapatnam,Capesize,13.0
2026-03-28,Indonesia-Visakhapatnam,Indonesia,Visakhapatnam,Capesize,13.9
2026-03-29,Indonesia-Visakhapatnam,Indonesia,Visakhapatnam,Capesize,13.79
2026-03-30,Indonesia-Visakhapatnam,Indonesia,Visakhapatnam,Capesize,13.39
2026-03-31,Indonesia-Visakhapatnam,Indonesia,Visakhapatnam,Capesize,13.44
2026-04-01,Indonesia-Visakhapatnam,Indonesia,Visakhapatnam,Capesize,14.25
2026-04-02,Indonesia-Visakhapatnam,Indonesia,Visakhapatnam,Capesize,13.49
2026-04-03,Indonesia-Visakhapatnam,Indonesia,Visakhapatnam,Capesize,14.5
2026-04-04,Indonesia-Visakhapatnam,Indonesia,Visakhapatnam,Capesize,13.69
2026-04-05,Indonesia-Visakhapatnam,Indonesia,Visakhapatnam,Capesize,14.24
2026-04-06,Indonesia-Visakhapatnam,Indonesia,Visakhapatnam,Capesize,13.95
2026-04-07,Indonesia-Visakhapatnam,Indonesia,Visakhapatnam,Capesize,14.27
2026-04-08,Indonesia-Visakhapatnam,Indonesia,Visakhapatnam,Capesize,13.87
2026-04-09,Indonesia-Visakhapatnam,Indonesia,Visakhapatnam,Capesize,14.06
2026-04-10,Indonesia-Visakhapatnam,Indonesia,Visakhapatnam,Capesize,14.19
2026-04-11,Indonesia-Visakhapatnam,Indonesia,Visakhapatnam,Capesize,13.87
2026-04-12,Indonesia-Visakhapatnam,Indonesia,Visakhapatnam,Capesize,14.52
2026-04-13,Indonesia-Visakhapatnam,Indonesia,Visakhapatnam,Capesize,14.11
2026-04-14,Indonesia-Visakhapatnam,Indonesia,Visakhapatnam,Capesize,14.2
2026-04-15,Indonesia-Visakhapatnam,Indonesia,Visakhapatnam,Capesize,13.95
2026-04-16,Indonesia-Visakhapatnam,Indonesia,Visakhapatnam,Capesize,13.42
2026-04-17,Indonesia-Visakhapatnam,Indonesia,Visakhapatnam,Capesize,14.32
2026-04-18,Indonesia-Visakhapatnam,Indonesia,Visakhapatnam,Capesize,15.27
2026-04-19,Indonesia-Visakhapatnam,Indonesia,Visakhapatnam,Capesize,14.68
2026-04-20,Indonesia-Visakhapatnam,Indonesia,Visakhapatnam,Capesize,14.43
2026-04-21,Indonesia-Visakhapatnam,Indonesia,Visakhapatnam,Capesize,14.36
2026-04-22,Indonesia-Visakhapatnam,Indonesia,Visakhapatnam,Capesize,14.47
2026-04-23,Indonesia-Visakhapatnam,Indonesia,Visakhapatnam,Capesize,14.69
2026-04-24,Indonesia-Visakhapatnam,Indonesia,Visakhapatnam,Capesize,14.14
2026-04-25,Indonesia-Visakhapatnam,Indonesia,Visakhapatnam,Capesize,14.99
2026-04-26,Indonesia-Visakhapatnam,Indonesia,Visakhapatnam,Capesize,14.85
2026-04-27,Indonesia-Visakhapatnam,Indonesia,Visakhapatnam,Capesize,14.85
2026-04-28,Indonesia-Visakhapatnam,Indonesia,Visakhapatnam,Capesize,14.78
2026-04-29,Indonesia-Visakhapatnam,Indonesia,Visakhapatnam,Capesize,14.68
2026-04-30,Indonesia-Visakhapatnam,Indonesia,Visakhapatnam,Capesize,14.9
2026-05-01,Indonesia-Visakhapatnam,Indonesia,Visakhapatnam,Capesize,14.88
2026-05-02,Indonesia-Visakhapatnam,Indonesia,Visakhapatnam,Capesize,14.53
2026-05-03,Indonesia-Visakhapatnam,Indonesia,Visakhapatnam,Capesize,14.42
2026-05-04,Indonesia-Visakhapatnam,Indonesia,Visakhapatnam,Capesize,14.69
2026-05-05,Indonesia-Visakhapatnam,Indonesia,Visakhapatnam,Capesize,15.24
2026-05-06,Indonesia-Visakhapatnam,Indonesia,Visakhapatnam,Capesize,14.26
2026-05-07,Indonesia-Visakhapatnam,Indonesia,Visakhapatnam,Capesize,14.21
2026-05-08,Indonesia-Visakhapatnam,Indonesia,Visakhapatnam,Capesize,14.8
2026-05-09,Indonesia-Visakhapatnam,Indonesia,Visakhapatnam,Capesize,14.73
2026-05-10,Indonesia-Visakhapatnam,Indonesia,Visakhapatnam,Capesize,14.78
2026-05-11,Indonesia-Visakhapatnam,Indonesia,Visakhapatnam,Capesize,14.85
2026-05-12,Indonesia-Visakhapatnam,Indonesia,Visakhapatnam,Capesize,14.68
2026-05-13,Indonesia-Visakhapatnam,Indonesia,Visakhapatnam,Capesize,15.32
2026-05-14,Indonesia-Visakhapatnam,Indonesia,Visakhapatnam,Capesize,14.15
2026-05-15,Indonesia-Visakhapatnam,Indonesia,Visakhapatnam,Capesize,14.43
2026-05-16,Indonesia-Visakhapatnam,Indonesia,Visakhapatnam,Capesize,14.68
2026-05-17,Indonesia-Visakhapatnam,Indonesia,Visakhapatnam,Capesize,14.12
2026-05-18,Indonesia-Visakhapatnam,Indonesia,Visakhapatnam,Capesize,14.62
2026-05-19,Indonesia-Visakhapatnam,Indonesia,Visakhapatnam,Capesize,15.18
2026-05-20,Indonesia-Visakhapatnam,Indonesia,Visakhapatnam,Capesize,14.58
2026-05-21,Indonesia-Visakhapatnam,Indonesia,Visakhapatnam,Capesize,14.65
2026-05-22,Indonesia-Visakhapatnam,Indonesia,Visakhapatnam,Capesize,14.15
2026-05-23,Indonesia-Visakhapatnam,Indonesia,Visakhapatnam,Capesize,14.34
2026-05-24,Indonesia-Visakhapatnam,Indonesia,Visakhapatnam,Capesize,14.38
2026-05-25,Indonesia-Visakhapatnam,Indonesia,Visakhapatnam,Capesize,14.36
2026-05-26,Indonesia-Visakhapatnam,Indonesia,Visakhapatnam,Capesize,14.92
2026-05-27,Indonesia-Visakhapatnam,Indonesia,Visakhapatnam,Capesize,14.65
2026-05-28,Indonesia-Visakhapatnam,Indonesia,Visakhapatnam,Capesize,14.02
2026-05-29,Indonesia-Visakhapatnam,Indonesia,Visakhapatnam,Capesize,14.48
2026-05-30,Indonesia-Visakhapatnam,Indonesia,Visakhapatnam,Capesize,14.55
2026-05-31,Indonesia-Visakhapatnam,Indonesia,Visakhapatnam,Capesize,14.77
2026-06-01,Indonesia-Visakhapatnam,Indonesia,Visakhapatnam,Capesize,14.87
2026-06-02,Indonesia-Visakhapatnam,Indonesia,Visakhapatnam,Capesize,13.92
2026-06-03,Indonesia-Visakhapatnam,Indonesia,Visakhapatnam,Capesize,13.95
2026-06-04,Indonesia-Visakhapatnam,Indonesia,Visakhapatnam,Capesize,13.71
2026-06-05,Indonesia-Visakhapatnam,Indonesia,Visakhapatnam,Capesize,14.04
2026-06-06,Indonesia-Visakhapatnam,Indonesia,Visakhapatnam,Capesize,14.26
2026-06-07,Indonesia-Visakhapatnam,Indonesia,Visakhapatnam,Capesize,14.41
2026-06-08,Indonesia-Visakhapatnam,Indonesia,Visakhapatnam,Capesize,13.99
2026-06-09,Indonesia-Visakhapatnam,Indonesia,Visakhapatnam,Capesize,13.82
2026-06-10,Indonesia-Visakhapatnam,Indonesia,Visakhapatnam,Capesize,13.94
2026-06-11,Indonesia-Visakhapatnam,Indonesia,Visakhapatnam,Capesize,13.54
2026-06-12,Indonesia-Visakhapatnam,Indonesia,Visakhapatnam,Capesize,14.5
2026-06-13,Indonesia-Visakhapatnam,Indonesia,Visakhapatnam,Capesize,13.16
2026-06-14,Indonesia-Visakhapatnam,Indonesia,Visakhapatnam,Capesize,13.76
2026-06-15,Indonesia-Visakhapatnam,Indonesia,Visakhapatnam,Capesize,14.42
2026-06-16,Indonesia-Visakhapatnam,Indonesia,Visakhapatnam,Capesize,13.68
2026-06-17,Indonesia-Visakhapatnam,Indonesia,Visakhapatnam,Capesize,13.57
2026-06-18,Indonesia-Visakhapatnam,Indonesia,Visakhapatnam,Capesize,13.47
2026-06-19,Indonesia-Visakhapatnam,Indonesia,Visakhapatnam,Capesize,13.43
2026-06-20,Indonesia-Visakhapatnam,Indonesia,Visakhapatnam,Capesize,13.93
2026-06-21,Indonesia-Visakhapatnam,Indonesia,Visakhapatnam,Capesize,12.63
2026-06-22,Indonesia-Visakhapatnam,Indonesia,Visakhapatnam,Capesize,13.97
2026-06-23,Indonesia-Visakhapatnam,Indonesia,Visakhapatnam,Capesize,12.89
2026-06-24,Indonesia-Visakhapatnam,Indonesia,Visakhapatnam,Capesize,13.26
2026-06-25,Indonesia-Visakhapatnam,Indonesia,Visakhapatnam,Capesize,13.16
2026-06-26,Indonesia-Visakhapatnam,Indonesia,Visakhapatnam,Capesize,13.44
2026-06-27,Indonesia-Visakhapatnam,Indonesia,Visakhapatnam,Capesize,12.66
2026-06-28,Indonesia-Visakhapatnam,Indonesia,Visakhapatnam,Capesize,13.36
2026-06-29,Indonesia-Visakhapatnam,Indonesia,Visakhapatnam,Capesize,13.89
2026-06-30,Indonesia-Visakhapatnam,Indonesia,Visakhapatnam,Capesize,12.63
2026-07-01,Indonesia-Visakhapatnam,Indonesia,Visakhapatnam,Capesize,13.17
2026-07-02,Indonesia-Visakhapatnam,Indonesia,Visakhapatnam,Capesize,12.79
2026-07-03,Indonesia-Visakhapatnam,Indonesia,Visakhapatnam,Capesize,13.15
2026-07-04,Indonesia-Visakhapatnam,Indonesia,Visakhapatnam,Capesize,13.03
2026-07-05,Indonesia-Visakhapatnam,Indonesia,Visakhapatnam,Capesize,12.72
2026-07-06,Indonesia-Visakhapatnam,Indonesia,Visakhapatnam,Capesize,13.06
2026-07-07,Indonesia-Visakhapatnam,Indonesia,Visakhapatnam,Capesize,13.48
2026-07-08,Indonesia-Visakhapatnam,Indonesia,Visakhapatnam,Capesize,12.73
2026-07-09,Indonesia-Visakhapatnam,Indonesia,Visakhapatnam,Capesize,12.96
2026-07-10,Indonesia-Visakhapatnam,Indonesia,Visakhapatnam,Capesize,12.22
2026-07-11,Indonesia-Visakhapatnam,Indonesia,Visakhapatnam,Capesize,12.26
2026-07-12,Indonesia-Visakhapatnam,Indonesia,Visakhapatnam,Capesize,12.74
2026-07-13,Indonesia-Visakhapatnam,Indonesia,Visakhapatnam,Capesize,13.03
2026-07-14,Indonesia-Visakhapatnam,Indonesia,Visakhapatnam,Capesize,12.64
2026-07-15,Indonesia-Visakhapatnam,Indonesia,Visakhapatnam,Capesize,12.35
2026-07-16,Indonesia-Visakhapatnam,Indonesia,Visakhapatnam,Capesize,12.41
2026-07-17,Indonesia-Visakhapatnam,Indonesia,Visakhapatnam,Capesize,11.97
2026-07-18,Indonesia-Visakhapatnam,Indonesia,Visakhapatnam,Capesize,12.55
2026-07-19,Indonesia-Visakhapatnam,Indonesia,Visakhapatnam,Capesize,12.62
2026-07-20,Indonesia-Visakhapatnam,Indonesia,Visakhapatnam,Capesize,12.16
2026-07-21,Indonesia-Visakhapatnam,Indonesia,Visakhapatnam,Capesize,12.07
2026-07-22,Indonesia-Visakhapatnam,Indonesia,Visakhapatnam,Capesize,12.3
2026-07-23,Indonesia-Visakhapatnam,Indonesia,Visakhapatnam,Capesize,12.04
2026-07-24,Indonesia-Visakhapatnam,Indonesia,Visakhapatnam,Capesize,12.16
2026-07-25,Indonesia-Visakhapatnam,Indonesia,Visakhapatnam,Capesize,12.86
2026-07-26,Indonesia-Visakhapatnam,Indonesia,Visakhapatnam,Capesize,11.97
2026-07-27,Indonesia-Visakhapatnam,Indonesia,Visakhapatnam,Capesize,11.92
2026-07-28,Indonesia-Visakhapatnam,Indonesia,Visakhapatnam,Capesize,11.81
2026-07-29,Indonesia-Visakhapatnam,Indonesia,Visakhapatnam,Capesize,12.28
2026-07-30,Indonesia-Visakhapatnam,Indonesia,Visakhapatnam,Capesize,11.94
2026-07-31,Indonesia-Visakhapatnam,Indonesia,Visakhapatnam,Capesize,11.74
2026-08-01,Indonesia-Visakhapatnam,Indonesia,Visakhapatnam,Capesize,12.42
2026-08-02,Indonesia-Visakhapatnam,Indonesia,Visakhapatnam,Capesize,12.44
2026-08-03,Indonesia-Visakhapatnam,Indonesia,Visakhapatnam,Capesize,11.7
2026-08-04,Indonesia-Visakhapatnam,Indonesia,Visakhapatnam,Capesize,11.29
2026-08-05,Indonesia-Visakhapatnam,Indonesia,Visakhapatnam,Capesize,12.3
2026-08-06,Indonesia-Visakhapatnam,Indonesia,Visakhapatnam,Capesize,11.66
2026-08-07,Indonesia-Visakhapatnam,Indonesia,Visakhapatnam,Capesize,12.19
2026-08-08,Indonesia-Visakhapatnam,Indonesia,Visakhapatnam,Capesize,11.18
2026-08-09,Indonesia-Visakhapatnam,Indonesia,Visakhapatnam,Capesize,12.2
2026-08-10,Indonesia-Visakhapatnam,Indonesia,Visakhapatnam,Capesize,11.49
2026-08-11,Indonesia-Visakhapatnam,Indonesia,Visakhapatnam,Capesize,12.14
2026-08-12,Indonesia-Visakhapatnam,Indonesia,Visakhapatnam,Capesize,11.91
2026-08-13,Indonesia-Visakhapatnam,Indonesia,Visakhapatnam,Capesize,11.58
2026-08-14,Indonesia-Visakhapatnam,Indonesia,Visakhapatnam,Capesize,11.8
2026-08-15,Indonesia-Visakhapatnam,Indonesia,Visakhapatnam,Capesize,12.24
2026-08-16,Indonesia-Visakhapatnam,Indonesia,Visakhapatnam,Capesize,12.03
2026-08-17,Indonesia-Visakhapatnam,Indonesia,Visakhapatnam,Capesize,12.18
2026-08-18,Indonesia-Visakhapatnam,Indonesia,Visakhapatnam,Capesize,12.64
2026-08-19,Indonesia-Visakhapatnam,Indonesia,Visakhapatnam,Capesize,11.38
2026-08-20,Indonesia-Visakhapatnam,Indonesia,Visakhapatnam,Capesize,12.5
2026-08-21,Indonesia-Visakhapatnam,Indonesia,Visakhapatnam,Capesize,11.99
2026-08-22,Indonesia-Visakhapatnam,Indonesia,Visakhapatnam,Capesize,11.66
2026-08-23,Indonesia-Visakhapatnam,Indonesia,Visakhapatnam,Capesize,11.55
2026-08-24,Indonesia-Visakhapatnam,Indonesia,Visakhapatnam,Capesize,11.96
2026-08-25,Indonesia-Visakhapatnam,Indonesia,Visakhapatnam,Capesize,12.41
2026-08-26,Indonesia-Visakhapatnam,Indonesia,Visakhapatnam,Capesize,12.05
2026-08-27,Indonesia-Visakhapatnam,Indonesia,Visakhapatnam,Capesize,12.72
2026-08-28,Indonesia-Visakhapatnam,Indonesia,Visakhapatnam,Capesize,11.72
2026-08-29,Indonesia-Visakhapatnam,Indonesia,Visakhapatnam,Capesize,12.22
2026-08-30,Indonesia-Visakhapatnam,Indonesia,Visakhapatnam,Capesize,11.77
2026-08-31,Indonesia-Visakhapatnam,Indonesia,Visakhapatnam,Capesize,12.38
2026-09-01,Indonesia-Visakhapatnam,Indonesia,Visakhapatnam,Capesize,12.58
2026-09-02,Indonesia-Visakhapatnam,Indonesia,Visakhapatnam,Capesize,12.17
2026-09-03,Indonesia-Visakhapatnam,Indonesia,Visakhapatnam,Capesize,11.44
2026-09-04,Indonesia-Visakhapatnam,Indonesia,Visakhapatnam,Capesize,12.45
2026-03-01,Mozambique-Krishnapatnam,Mozambique,Krishnapatnam,Handysize,25.05
2026-03-02,Mozambique-Krishnapatnam,Mozambique,Krishnapatnam,Handysize,25.63
2026-03-03,Mozambique-Krishnapatnam,Mozambique,Krishnapatnam,Handysize,25.76
2026-03-04,Mozambique-Krishnapatnam,Mozambique,Krishnapatnam,Handysize,25.78
2026-03-05,Mozambique-Krishnapatnam,Mozambique,Krishnapatnam,Handysize,25.26
2026-03-06,Mozambique-Krishnapatnam,Mozambique,Krishnapatnam,Handysize,25.81
2026-03-07,Mozambique-Krishnapatnam,Mozambique,Krishnapatnam,Handysize,25.83
2026-03-08,Mozambique-Krishnapatnam,Mozambique,Krishnapatnam,Handysize,26.27
2026-03-09,Mozambique-Krishnapatnam,Mozambique,Krishnapatnam,Handysize,25.76
2026-03-10,Mozambique-Krishnapatnam,Mozambique,Krishnapatnam,Handysize,25.48
2026-03-11,Mozambique-Krishnapatnam,Mozambique,Krishnapatnam,Handysize,26.37
2026-03-12,Mozambique-Krishnapatnam,Mozambique,Krishnapatnam,Handysize,25.29
2026-03-13,Mozambique-Krishnapatnam,Mozambique,Krishnapatnam,Handysize,26.02
2026-03-14,Mozambique-Krishnapatnam,Mozambique,Krishnapatnam,Handysize,25.94
2026-03-15,Mozambique-Krishnapatnam,Mozambique,Krishnapatnam,Handysize,25.96
2026-03-16,Mozambique-Krishnapatnam,Mozambique,Krishnapatnam,Handysize,26.12
2026-03-17,Mozambique-Krishnapatnam,Mozambique,Krishnapatnam,Handysize,26.85
2026-03-18,Mozambique-Krishnapatnam,Mozambique,Krishnapatnam,Handysize,26.8
2026-03-19,Mozambique-Krishnapatnam,Mozambique,Krishnapatnam,Handysize,26.47
2026-03-20,Mozambique-Krishnapatnam,Mozambique,Krishnapatnam,Handysize,26.99
2026-03-21,Mozambique-Krishnapatnam,Mozambique,Krishnapatnam,Handysize,26.34
2026-03-22,Mozambique-Krishnapatnam,Mozambique,Krishnapatnam,Handysize,26.35
2026-03-23,Mozambique-Krishnapatnam,Mozambique,Krishnapatnam,Handysize,27.15
2026-03-24,Mozambique-Krishnapatnam,Mozambique,Krishnapatnam,Handysize,27.08
2026-03-25,Mozambique-Krishnapatnam,Mozambique,Krishnapatnam,Handysize,26.77
2026-03-26,Mozambique-Krishnapatnam,Mozambique,Krishnapatnam,Handysize,26.6
2026-03-27,Mozambique-Krishnapatnam,Mozambique,Krishnapatnam,Handysize,27.54
2026-03-28,Mozambique-Krishnapatnam,Mozambique,Krishnapatnam,Handysize,26.51
2026-03-29,Mozambique-Krishnapatnam,Mozambique,Krishnapatnam,Handysize,26.95
2026-03-30,Mozambique-Krishnapatnam,Mozambique,Krishnapatnam,Handysize,27.29
2026-03-31,Mozambique-Krishnapatnam,Mozambique,Krishnapatnam,Handysize,27.89
2026-04-01,Mozambique-Krishnapatnam,Mozambique,Krishnapatnam,Handysize,27.51
2026-04-02,Mozambique-Krishnapatnam,Mozambique,Krishnapatnam,Handysize,27.6
2026-04-03,Mozambique-Krishnapatnam,Mozambique,Krishnapatnam,Handysize,27.26
2026-04-04,Mozambique-Krishnapatnam,Mozambique,Krishnapatnam,Handysize,27.75
2026-04-05,Mozambique-Krishnapatnam,Mozambique,Krishnapatnam,Handysize,27.6
2026-04-06,Mozambique-Krishnapatnam,Mozambique,Krishnapatnam,Handysize,27.07
2026-04-07,Mozambique-Krishnapatnam,Mozambique,Krishnapatnam,Handysize,27.9
2026-04-08,Mozambique-Krishnapatnam,Mozambique,Krishnapatnam,Handysize,27.98
2026-04-09,Mozambique-Krishnapatnam,Mozambique,Krishnapatnam,Handysize,27.98
2026-04-10,Mozambique-Krishnapatnam,Mozambique,Krishnapatnam,Handysize,27.78
2026-04-11,Mozambique-Krishnapatnam,Mozambique,Krishnapatnam,Handysize,27.49
2026-04-12,Mozambique-Krishnapatnam,Mozambique,Krishnapatnam,Handysize,27.06
2026-04-13,Mozambique-Krishnapatnam,Mozambique,Krishnapatnam,Handysize,27.96
2026-04-14,Mozambique-Krishnapatnam,Mozambique,Krishnapatnam,Handysize,28.28
2026-04-15,Mozambique-Krishnapatnam,Mozambique,Krishnapatnam,Handysize,28.27
2026-04-16,Mozambique-Krishnapatnam,Mozambique,Krishnapatnam,Handysize,28.24
2026-04-17,Mozambique-Krishnapatnam,Mozambique,Krishnapatnam,Handysize,28.0
2026-04-18,Mozambique-Krishnapatnam,Mozambique,Krishnapatnam,Handysize,28.45
2026-04-19,Mozambique-Krishnapatnam,Mozambique,Krishnapatnam,Handysize,28.38
2026-04-20,Mozambique-Krishnapatnam,Mozambique,Krishnapatnam,Handysize,27.95
2026-04-21,Mozambique-Krishnapatnam,Mozambique,Krishnapatnam,Handysize,28.36
2026-04-22,Mozambique-Krishnapatnam,Mozambique,Krishnapatnam,Handysize,27.95
2026-04-23,Mozambique-Krishnapatnam,Mozambique,Krishnapatnam,Handysize,28.37
2026-04-24,Mozambique-Krishnapatnam,Mozambique,Krishnapatnam,Handysize,27.79
2026-04-25,Mozambique-Krishnapatnam,Mozambique,Krishnapatnam,Handysize,27.87
2026-04-26,Mozambique-Krishnapatnam,Mozambique,Krishnapatnam,Handysize,28.67
2026-04-27,Mozambique-Krishnapatnam,Mozambique,Krishnapatnam,Handysize,28.64
2026-04-28,Mozambique-Krishnapatnam,Mozambique,Krishnapatnam,Handysize,28.57
2026-04-29,Mozambique-Krishnapatnam,Mozambique,Krishnapatnam,Handysize,28.43
2026-04-30,Mozambique-Krishnapatnam,Mozambique,Krishnapatnam,Handysize,27.57
2026-05-01,Mozambique-Krishnapatnam,Mozambique,Krishnapatnam,Handysize,28.39
2026-05-02,Mozambique-Krishnapatnam,Mozambique,Krishnapatnam,Handysize,28.56
2026-05-03,Mozambique-Krishnapatnam,Mozambique,Krishnapatnam,Handysize,28.19
2026-05-04,Mozambique-Krishnapatnam,Mozambique,Krishnapatnam,Handysize,28.16
2026-05-05,Mozambique-Krishnapatnam,Mozambique,Krishnapatnam,Handysize,28.97
2026-05-06,Mozambique-Krishnapatnam,Mozambique,Krishnapatnam,Handysize,28.45
2026-05-07,Mozambique-Krishnapatnam,Mozambique,Krishnapatnam,Handysize,28.67
2026-05-08,Mozambique-Krishnapatnam,Mozambique,Krishnapatnam,Handysize,28.8
2026-05-09,Mozambique-Krishnapatnam,Mozambique,Krishnapatnam,Handysize,28.16
2026-05-10,Mozambique-Krishnapatnam,Mozambique,Krishnapatnam,Handysize,28.6
2026-05-11,Mozambique-Krishnapatnam,Mozambique,Krishnapatnam,Handysize,29.04
2026-05-12,Mozambique-Krishnapatnam,Mozambique,Krishnapatnam,Handysize,29.21
2026-05-13,Mozambique-Krishnapatnam,Mozambique,Krishnapatnam,Handysize,28.64
2026-05-14,Mozambique-Krishnapatnam,Mozambique,Krishnapatnam,Handysize,28.46
2026-05-15,Mozambique-Krishnapatnam,Mozambique,Krishnapatnam,Handysize,28.66
2026-05-16,Mozambique-Krishnapatnam,Mozambique,Krishnapatnam,Handysize,28.65
2026-05-17,Mozambique-Krishnapatnam,Mozambique,Krishnapatnam,Handysize,29.03
2026-05-18,Mozambique-Krishnapatnam,Mozambique,Krishnapatnam,Handysize,28.19
2026-05-19,Mozambique-Krishnapatnam,Mozambique,Krishnapatnam,Handysize,28.37
2026-05-20,Mozambique-Krishnapatnam,Mozambique,Krishnapatnam,Handysize,28.06
2026-05-21,Mozambique-Krishnapatnam,Mozambique,Krishnapatnam,Handysize,28.1
2026-05-22,Mozambique-Krishnapatnam,Mozambique,Krishnapatnam,Handysize,28.62
2026-05-23,Mozambique-Krishnapatnam,Mozambique,Krishnapatnam,Handysize,28.74
2026-05-24,Mozambique-Krishnapatnam,Mozambique,Krishnapatnam,Handysize,28.19
2026-05-25,Mozambique-Krishnapatnam,Mozambique,Krishnapatnam,Handysize,28.65
2026-05-26,Mozambique-Krishnapatnam,Mozambique,Krishnapatnam,Handysize,28.78
2026-05-27,Mozambique-Krishnapatnam,Mozambique,Krishnapatnam,Handysize,29.06
2026-05-28,Mozambique-Krishnapatnam,Mozambique,Krishnapatnam,Handysize,28.37
2026-05-29,Mozambique-Krishnapatnam,Mozambique,Krishnapatnam,Handysize,28.12
2026-05-30,Mozambique-Krishnapatnam,Mozambique,Krishnapatnam,Handysize,27.97
2026-05-31,Mozambique-Krishnapatnam,Mozambique,Krishnapatnam,Handysize,27.94
2026-06-01,Mozambique-Krishnapatnam,Mozambique,Krishnapatnam,Handysize,28.72
2026-06-02,Mozambique-Krishnapatnam,Mozambique,Krishnapatnam,Handysize,27.72
2026-06-03,Mozambique-Krishnapatnam,Mozambique,Krishnapatnam,Handysize,28.64
2026-06-04,Mozambique-Krishnapatnam,Mozambique,Krishnapatnam,Handysize,27.83
2026-06-05,Mozambique-Krishnapatnam,Mozambique,Krishnapatnam,Handysize,27.88
2026-06-06,Mozambique-Krishnapatnam,Mozambique,Krishnapatnam,Handysize,28.04
2026-06-07,Mozambique-Krishnapatnam,Mozambique,Krishnapatnam,Handysize,27.82
2026-06-08,Mozambique-Krishnapatnam,Mozambique,Krishnapatnam,Handysize,28.36
2026-06-09,Mozambique-Krishnapatnam,Mozambique,Krishnapatnam,Handysize,28.59
2026-06-10,Mozambique-Krishnapatnam,Mozambique,Krishnapatnam,Handysize,27.68
2026-06-11,Mozambique-Krishnapatnam,Mozambique,Krishnapatnam,Handysize,27.72
2026-06-12,Mozambique-Krishnapatnam,Mozambique,Krishnapatnam,Handysize,27.76
2026-06-13,Mozambique-Krishnapatnam,Mozambique,Krishnapatnam,Handysize,27.96
2026-06-14,Mozambique-Krishnapatnam,Mozambique,Krishnapatnam,Handysize,27.7
2026-06-15,Mozambique-Krishnapatnam,Mozambique,Krishnapatnam,Handysize,28.26
2026-06-16,Mozambique-Krishnapatnam,Mozambique,Krishnapatnam,Handysize,28.15
2026-06-17,Mozambique-Krishnapatnam,Mozambique,Krishnapatnam,Handysize,27.3
2026-06-18,Mozambique-Krishnapatnam,Mozambique,Krishnapatnam,Handysize,27.86
2026-06-19,Mozambique-Krishnapatnam,Mozambique,Krishnapatnam,Handysize,28.12
2026-06-20,Mozambique-Krishnapatnam,Mozambique,Krishnapatnam,Handysize,27.38
2026-06-21,Mozambique-Krishnapatnam,Mozambique,Krishnapatnam,Handysize,27.41
2026-06-22,Mozambique-Krishnapatnam,Mozambique,Krishnapatnam,Handysize,27.37
2026-06-23,Mozambique-Krishnapatnam,Mozambique,Krishnapatnam,Handysize,27.33
2026-06-24,Mozambique-Krishnapatnam,Mozambique,Krishnapatnam,Handysize,26.9
2026-06-25,Mozambique-Krishnapatnam,Mozambique,Krishnapatnam,Handysize,26.98
2026-06-26,Mozambique-Krishnapatnam,Mozambique,Krishnapatnam,Handysize,27.4
2026-06-27,Mozambique-Krishnapatnam,Mozambique,Krishnapatnam,Handysize,27.9
2026-06-28,Mozambique-Krishnapatnam,Mozambique,Krishnapatnam,Handysize,27.14
2026-06-29,Mozambique-Krishnapatnam,Mozambique,Krishnapatnam,Handysize,27.12
2026-06-30,Mozambique-Krishnapatnam,Mozambique,Krishnapatnam,Handysize,27.88
2026-07-01,Mozambique-Krishnapatnam,Mozambique,Krishnapatnam,Handysize,26.9
2026-07-02,Mozambique-Krishnapatnam,Mozambique,Krishnapatnam,Handysize,26.63
2026-07-03,Mozambique-Krishnapatnam,Mozambique,Krishnapatnam,Handysize,26.9
2026-07-04,Mozambique-Krishnapatnam,Mozambique,Krishnapatnam,Handysize,26.99
2026-07-05,Mozambique-Krishnapatnam,Mozambique,Krishnapatnam,Handysize,26.55
2026-07-06,Mozambique-Krishnapatnam,Mozambique,Krishnapatnam,Handysize,27.06
2026-07-07,Mozambique-Krishnapatnam,Mozambique,Krishnapatnam,Handysize,27.41
2026-07-08,Mozambique-Krishnapatnam,Mozambique,Krishnapatnam,Handysize,26.58
2026-07-09,Mozambique-Krishnapatnam,Mozambique,Krishnapatnam,Handysize,26.98
2026-07-10,Mozambique-Krishnapatnam,Mozambique,Krishnapatnam,Handysize,27.06
2026-07-11,Mozambique-Krishnapatnam,Mozambique,Krishnapatnam,Handysize,26.82
2026-07-12,Mozambique-Krishnapatnam,Mozambique,Krishnapatnam,Handysize,26.9
2026-07-13,Mozambique-Krishnapatnam,Mozambique,Krishnapatnam,Handysize,26.85
2026-07-14,Mozambique-Krishnapatnam,Mozambique,Krishnapatnam,Handysize,26.51
2026-07-15,Mozambique-Krishnapatnam,Mozambique,Krishnapatnam,Handysize,27.27
2026-07-16,Mozambique-Krishnapatnam,Mozambique,Krishnapatnam,Handysize,27.14
2026-07-17,Mozambique-Krishnapatnam,Mozambique,Krishnapatnam,Handysize,27.12
2026-07-18,Mozambique-Krishnapatnam,Mozambique,Krishnapatnam,Handysize,26.99
2026-07-19,Mozambique-Krishnapatnam,Mozambique,Krishnapatnam,Handysize,26.07
2026-07-20,Mozambique-Krishnapatnam,Mozambique,Krishnapatnam,Handysize,26.96
2026-07-21,Mozambique-Krishnapatnam,Mozambique,Krishnapatnam,Handysize,26.79
2026-07-22,Mozambique-Krishnapatnam,Mozambique,Krishnapatnam,Handysize,26.01
2026-07-23,Mozambique-Krishnapatnam,Mozambique,Krishnapatnam,Handysize,26.46
2026-07-24,Mozambique-Krishnapatnam,Mozambique,Krishnapatnam,Handysize,26.63
2026-07-25,Mozambique-Krishnapatnam,Mozambique,Krishnapatnam,Handysize,27.06
2026-07-26,Mozambique-Krishnapatnam,Mozambique,Krishnapatnam,Handysize,26.67
2026-07-27,Mozambique-Krishnapatnam,Mozambique,Krishnapatnam,Handysize,26.11
2026-07-28,Mozambique-Krishnapatnam,Mozambique,Krishnapatnam,Handysize,27.0
2026-07-29,Mozambique-Krishnapatnam,Mozambique,Krishnapatnam,Handysize,26.42
2026-07-30,Mozambique-Krishnapatnam,Mozambique,Krishnapatnam,Handysize,26.31
2026-07-31,Mozambique-Krishnapatnam,Mozambique,Krishnapatnam,Handysize,26.25
2026-08-01,Mozambique-Krishnapatnam,Mozambique,Krishnapatnam,Handysize,25.79
2026-08-02,Mozambique-Krishnapatnam,Mozambique,Krishnapatnam,Handysize,26.32
2026-08-03,Mozambique-Krishnapatnam,Mozambique,Krishnapatnam,Handysize,26.5
2026-08-04,Mozambique-Krishnapatnam,Mozambique,Krishnapatnam,Handysize,26.24
2026-08-05,Mozambique-Krishnapatnam,Mozambique,Krishnapatnam,Handysize,26.53
2026-08-06,Mozambique-Krishnapatnam,Mozambique,Krishnapatnam,Handysize,26.04
2026-08-07,Mozambique-Krishnapatnam,Mozambique,Krishnapatnam,Handysize,26.31
2026-08-08,Mozambique-Krishnapatnam,Mozambique,Krishnapatnam,Handysize,26.44
2026-08-09,Mozambique-Krishnapatnam,Mozambique,Krishnapatnam,Handysize,26.42
2026-08-10,Mozambique-Krishnapatnam,Mozambique,Krishnapatnam,Handysize,25.82
2026-08-11,Mozambique-Krishnapatnam,Mozambique,Krishnapatnam,Handysize,26.21
2026-08-12,Mozambique-Krishnapatnam,Mozambique,Krishnapatnam,Handysize,26.98
2026-08-13,Mozambique-Krishnapatnam,Mozambique,Krishnapatnam,Handysize,26.24
2026-08-14,Mozambique-Krishnapatnam,Mozambique,Krishnapatnam,Handysize,26.45
2026-08-15,Mozambique-Krishnapatnam,Mozambique,Krishnapatnam,Handysize,26.47
2026-08-16,Mozambique-Krishnapatnam,Mozambique,Krishnapatnam,Handysize,27.06
2026-08-17,Mozambique-Krishnapatnam,Mozambique,Krishnapatnam,Handysize,26.95
2026-08-18,Mozambique-Krishnapatnam,Mozambique,Krishnapatnam,Handysize,26.76
2026-08-19,Mozambique-Krishnapatnam,Mozambique,Krishnapatnam,Handysize,26.13
2026-08-20,Mozambique-Krishnapatnam,Mozambique,Krishnapatnam,Handysize,26.61
2026-08-21,Mozambique-Krishnapatnam,Mozambique,Krishnapatnam,Handysize,26.71
2026-08-22,Mozambique-Krishnapatnam,Mozambique,Krishnapatnam,Handysize,26.29
2026-08-23,Mozambique-Krishnapatnam,Mozambique,Krishnapatnam,Handysize,26.27
2026-08-24,Mozambique-Krishnapatnam,Mozambique,Krishnapatnam,Handysize,27.19
2026-08-25,Mozambique-Krishnapatnam,Mozambique,Krishnapatnam,Handysize,26.56
2026-08-26,Mozambique-Krishnapatnam,Mozambique,Krishnapatnam,Handysize,27.24
2026-08-27,Mozambique-Krishnapatnam,Mozambique,Krishnapatnam,Handysize,27.13
2026-08-28,Mozambique-Krishnapatnam,Mozambique,Krishnapatnam,Handysize,26.97
2026-08-29,Mozambique-Krishnapatnam,Mozambique,Krishnapatnam,Handysize,26.99
2026-08-30,Mozambique-Krishnapatnam,Mozambique,Krishnapatnam,Handysize,26.34
2026-08-31,Mozambique-Krishnapatnam,Mozambique,Krishnapatnam,Handysize,26.94
2026-09-01,Mozambique-Krishnapatnam,Mozambique,Krishnapatnam,Handysize,27.39
2026-09-02,Mozambique-Krishnapatnam,Mozambique,Krishnapatnam,Handysize,27.19
2026-09-03,Mozambique-Krishnapatnam,Mozambique,Krishnapatnam,Handysize,27.05
2026-09-04,Mozambique-Krishnapatnam,Mozambique,Krishnapatnam,Handysize,27.63
2026-03-01,Mozambique-Krishnapatnam,Mozambique,Krishnapatnam,Supramax,21.25
2026-03-02,Mozambique-Krishnapatnam,Mozambique,Krishnapatnam,Supramax,20.98
2026-03-03,Mozambique-Krishnapatnam,Mozambique,Krishnapatnam,Supramax,21.49
2026-03-04,Mozambique-Krishnapatnam,Mozambique,Krishnapatnam,Supramax,22.04
2026-03-05,Mozambique-Krishnapatnam,Mozambique,Krishnapatnam,Supramax,20.97
2026-03-06,Mozambique-Krishnapatnam,Mozambique,Krishnapatnam,Supramax,20.8
2026-03-07,Mozambique-Krishnapatnam,Mozambique,Krishnapatnam,Supramax,21.48
2026-03-08,Mozambique-Krishnapatnam,Mozambique,Krishnapatnam,Supramax,21.69
2026-03-09,Mozambique-Krishnapatnam,Mozambique,Krishnapatnam,Supramax,21.39
2026-03-10,Mozambique-Krishnapatnam,Mozambique,Krishnapatnam,Supramax,22.03
2026-03-11,Mozambique-Krishnapatnam,Mozambique,Krishnapatnam,Supramax,21.09
2026-03-12,Mozambique-Krishnapatnam,Mozambique,Krishnapatnam,Supramax,21.82
2026-03-13,Mozambique-Krishnapatnam,Mozambique,Krishnapatnam,Supramax,21.42
2026-03-14,Mozambique-Krishnapatnam,Mozambique,Krishnapatnam,Supramax,22.22
2026-03-15,Mozambique-Krishnapatnam,Mozambique,Krishnapatnam,Supramax,22.3
2026-03-16,Mozambique-Krishnapatnam,Mozambique,Krishnapatnam,Supramax,21.36
2026-03-17,Mozambique-Krishnapatnam,Mozambique,Krishnapatnam,Supramax,21.44
2026-03-18,Mozambique-Krishnapatnam,Mozambique,Krishnapatnam,Supramax,21.98
2026-03-19,Mozambique-Krishnapatnam,Mozambique,Krishnapatnam,Supramax,21.56
2026-03-20,Mozambique-Krishnapatnam,Mozambique,Krishnapatnam,Supramax,21.67
2026-03-21,Mozambique-Krishnapatnam,Mozambique,Krishnapatnam,Supramax,21.77
2026-03-22,Mozambique-Krishnapatnam,Mozambique,Krishnapatnam,Supramax,21.12
2026-03-23,Mozambique-Krishnapatnam,Mozambique,Krishnapatnam,Supramax,21.82
2026-03-24,Mozambique-Krishnapatnam,Mozambique,Krishnapatnam,Supramax,21.58
2026-03-25,Mozambique-Krishnapatnam,Mozambique,Krishnapatnam,Supramax,21.66
2026-03-26,Mozambique-Krishnapatnam,Mozambique,Krishnapatnam,Supramax,22.38
2026-03-27,Mozambique-Krishnapatnam,Mozambique,Krishnapatnam,Supramax,21.43
2026-03-28,Mozambique-Krishnapatnam,Mozambique,Krishnapatnam,Supramax,22.19
2026-03-29,Mozambique-Krishnapatnam,Mozambique,Krishnapatnam,Supramax,21.82
2026-03-30,Mozambique-Krishnapatnam,Mozambique,Krishnapatnam,Supramax,21.84
2026-03-31,Mozambique-Krishnapatnam,Mozambique,Krishnapatnam,Supramax,22.22
2026-04-01,Mozambique-Krishnapatnam,Mozambique,Krishnapatnam,Supramax,22.14
2026-04-02,Mozambique-Krishnapatnam,Mozambique,Krishnapatnam,Supramax,22.25
2026-04-03,Mozambique-Krishnapatnam,Mozambique,Krishnapatnam,Supramax,22.38
2026-04-04,Mozambique-Krishnapatnam,Mozambique,Krishnapatnam,Supramax,21.97
2026-04-05,Mozambique-Krishnapatnam,Mozambique,Krishnapatnam,Supramax,21.85
2026-04-06,Mozambique-Krishnapatnam,Mozambique,Krishnapatnam,Supramax,21.71
2026-04-07,Mozambique-Krishnapatnam,Mozambique,Krishnapatnam,Supramax,21.76
2026-04-08,Mozambique-Krishnapatnam,Mozambique,Krishnapatnam,Supramax,23.06
2026-04-09,Mozambique-Krishnapatnam,Mozambique,Krishnapatnam,Supramax,22.48
2026-04-10,Mozambique-Krishnapatnam,Mozambique,Krishnapatnam,Supramax,21.61
2026-04-11,Mozambique-Krishnapatnam,Mozambique,Krishnapatnam,Supramax,21.64
2026-04-12,Mozambique-Krishnapatnam,Mozambique,Krishnapatnam,Supramax,22.27
2026-04-13,Mozambique-Krishnapatnam,Mozambique,Krishnapatnam,Supramax,22.3
2026-04-14,Mozambique-Krishnapatnam,Mozambique,Krishnapatnam,Supramax,22.26
2026-04-15,Mozambique-Krishnapatnam,Mozambique,Krishnapatnam,Supramax,21.96
2026-04-16,Mozambique-Krishnapatnam,Mozambique,Krishnapatnam,Supramax,22.0
2026-04-17,Mozambique-Krishnapatnam,Mozambique,Krishnapatnam,Supramax,22.19
2026-04-18,Mozambique-Krishnapatnam,Mozambique,Krishnapatnam,Supramax,22.12
2026-04-19,Mozambique-Krishnapatnam,Mozambique,Krishnapatnam,Supramax,21.26
2026-04-20,Mozambique-Krishnapatnam,Mozambique,Krishnapatnam,Supramax,21.96
2026-04-21,Mozambique-Krishnapatnam,Mozambique,Krishnapatnam,Supramax,21.73
2026-04-22,Mozambique-Krishnapatnam,Mozambique,Krishnapatnam,Supramax,22.07
2026-04-23,Mozambique-Krishnapatnam,Mozambique,Krishnapatnam,Supramax,23.06
2026-04-24,Mozambique-Krishnapatnam,Mozambique,Krishnapatnam,Supramax,22.17
2026-04-25,Mozambique-Krishnapatnam,Mozambique,Krishnapatnam,Supramax,21.95
2026-04-26,Mozambique-Krishnapatnam,Mozambique,Krishnapatnam,Supramax,22.34
2026-04-27,Mozambique-Krishnapatnam,Mozambique,Krishnapatnam,Supramax,22.17
2026-04-28,Mozambique-Krishnapatnam,Mozambique,Krishnapatnam,Supramax,22.14
2026-04-29,Mozambique-Krishnapatnam,Mozambique,Krishnapatnam,Supramax,22.22
2026-04-30,Mozambique-Krishnapatnam,Mozambique,Krishnapatnam,Supramax,22.69
2026-05-01,Mozambique-Krishnapatnam,Mozambique,Krishnapatnam,Supramax,21.55
2026-05-02,Mozambique-Krishnapatnam,Mozambique,Krishnapatnam,Supramax,22.06
2026-05-03,Mozambique-Krishnapatnam,Mozambique,Krishnapatnam,Supramax,21.51
2026-05-04,Mozambique-Krishnapatnam,Mozambique,Krishnapatnam,Supramax,22.03
2026-05-05,Mozambique-Krishnapatnam,Mozambique,Krishnapatnam,Supramax,21.53
2026-05-06,Mozambique-Krishnapatnam,Mozambique,Krishnapatnam,Supramax,21.68
2026-05-07,Mozambique-Krishnapatnam,Mozambique,Krishnapatnam,Supramax,21.72
2026-05-08,Mozambique-Krishnapatnam,Mozambique,Krishnapatnam,Supramax,22.15
2026-05-09,Mozambique-Krishnapatnam,Mozambique,Krishnapatnam,Supramax,22.08
2026-05-10,Mozambique-Krishnapatnam,Mozambique,Krishnapatnam,Supramax,21.3
2026-05-11,Mozambique-Krishnapatnam,Mozambique,Krishnapatnam,Supramax,21.76
2026-05-12,Mozambique-Krishnapatnam,Mozambique,Krishnapatnam,Supramax,21.46
2026-05-13,Mozambique-Krishnapatnam,Mozambique,Krishnapatnam,Supramax,21.27
2026-05-14,Mozambique-Krishnapatnam,Mozambique,Krishnapatnam,Supramax,21.52
2026-05-15,Mozambique-Krishnapatnam,Mozambique,Krishnapatnam,Supramax,21.47
2026-05-16,Mozambique-Krishnapatnam,Mozambique,Krishnapatnam,Supramax,22.39
2026-05-17,Mozambique-Krishnapatnam,Mozambique,Krishnapatnam,Supramax,21.64
2026-05-18,Mozambique-Krishnapatnam,Mozambique,Krishnapatnam,Supramax,20.96
2026-05-19,Mozambique-Krishnapatnam,Mozambique,Krishnapatnam,Supramax,21.14
2026-05-20,Mozambique-Krishnapatnam,Mozambique,Krishnapatnam,Supramax,21.64
2026-05-21,Mozambique-Krishnapatnam,Mozambique,Krishnapatnam,Supramax,21.98
2026-05-22,Mozambique-Krishnapatnam,Mozambique,Krishnapatnam,Supramax,20.69
2026-05-23,Mozambique-Krishnapatnam,Mozambique,Krishnapatnam,Supramax,20.52
2026-05-24,Mozambique-Krishnapatnam,Mozambique,Krishnapatnam,Supramax,21.75
2026-05-25,Mozambique-Krishnapatnam,Mozambique,Krishnapatnam,Supramax,21.16
2026-05-26,Mozambique-Krishnapatnam,Mozambique,Krishnapatnam,Supramax,20.7
2026-05-27,Mozambique-Krishnapatnam,Mozambique,Krishnapatnam,Supramax,21.14
2026-05-28,Mozambique-Krishnapatnam,Mozambique,Krishnapatnam,Supramax,19.96
2026-05-29,Mozambique-Krishnapatnam,Mozambique,Krishnapatnam,Supramax,20.84
2026-05-30,Mozambique-Krishnapatnam,Mozambique,Krishnapatnam,Supramax,20.9
2026-05-31,Mozambique-Krishnapatnam,Mozambique,Krishnapatnam,Supramax,21.07
2026-06-01,Mozambique-Krishnapatnam,Mozambique,Krishnapatnam,Supramax,20.31
2026-06-02,Mozambique-Krishnapatnam,Mozambique,Krishnapatnam,Supramax,20.62
2026-06-03,Mozambique-Krishnapatnam,Mozambique,Krishnapatnam,Supramax,20.2
2026-06-04,Mozambique-Krishnapatnam,Mozambique,Krishnapatnam,Supramax,20.5
2026-06-05,Mozambique-Krishnapatnam,Mozambique,Krishnapatnam,Supramax,20.04
2026-06-06,Mozambique-Krishnapatnam,Mozambique,Krishnapatnam,Supramax,20.15
2026-06-07,Mozambique-Krishnapatnam,Mozambique,Krishnapatnam,Supramax,19.88
2026-06-08,Mozambique-Krishnapatnam,Mozambique,Krishnapatnam,Supramax,20.38
2026-06-09,Mozambique-Krishnapatnam,Mozambique,Krishnapatnam,Supramax,20.35
2026-06-10,Mozambique-Krishnapatnam,Mozambique,Krishnapatnam,Supramax,19.88
2026-06-11,Mozambique-Krishnapatnam,Mozambique,Krishnapatnam,Supramax,19.9
2026-06-12,Mozambique-Krishnapatnam,Mozambique,Krishnapatnam,Supramax,19.28
2026-06-13,Mozambique-Krishnapatnam,Mozambique,Krishnapatnam,Supramax,19.61
2026-06-14,Mozambique-Krishnapatnam,Mozambique,Krishnapatnam,Supramax,19.64
2026-06-15,Mozambique-Krishnapatnam,Mozambique,Krishnapatnam,Supramax,20.56
2026-06-16,Mozambique-Krishnapatnam,Mozambique,Krishnapatnam,Supramax,19.19
2026-06-17,Mozambique-Krishnapatnam,Mozambique,Krishnapatnam,Supramax,20.02
2026-06-18,Mozambique-Krishnapatnam,Mozambique,Krishnapatnam,Supramax,19.78
2026-06-19,Mozambique-Krishnapatnam,Mozambique,Krishnapatnam,Supramax,19.4
2026-06-20,Mozambique-Krishnapatnam,Mozambique,Krishnapatnam,Supramax,19.85
2026-06-21,Mozambique-Krishnapatnam,Mozambique,Krishnapatnam,Supramax,19.29
2026-06-22,Mozambique-Krishnapatnam,Mozambique,Krishnapatnam,Supramax,19.3
2026-06-23,Mozambique-Krishnapatnam,Mozambique,Krishnapatnam,Supramax,19.06
2026-06-24,Mozambique-Krishnapatnam,Mozambique,Krishnapatnam,Supramax,19.44
2026-06-25,Mozambique-Krishnapatnam,Mozambique,Krishnapatnam,Supramax,19.32
2026-06-26,Mozambique-Krishnapatnam,Mozambique,Krishnapatnam,Supramax,18.61
2026-06-27,Mozambique-Krishnapatnam,Mozambique,Krishnapatnam,Supramax,18.33
2026-06-28,Mozambique-Krishnapatnam,Mozambique,Krishnapatnam,Supramax,18.67
2026-06-29,Mozambique-Krishnapatnam,Mozambique,Krishnapatnam,Supramax,18.41
2026-06-30,Mozambique-Krishnapatnam,Mozambique,Krishnapatnam,Supramax,18.57
2026-07-01,Mozambique-Krishnapatnam,Mozambique,Krishnapatnam,Supramax,18.99
2026-07-02,Mozambique-Krishnapatnam,Mozambique,Krishnapatnam,Supramax,18.28
2026-07-03,Mozambique-Krishnapatnam,Mozambique,Krishnapatnam,Supramax,18.37
2026-07-04,Mozambique-Krishnapatnam,Mozambique,Krishnapatnam,Supramax,18.4
2026-07-05,Mozambique-Krishnapatnam,Mozambique,Krishnapatnam,Supramax,18.58
2026-07-06,Mozambique-Krishnapatnam,Mozambique,Krishnapatnam,Supramax,17.41
2026-07-07,Mozambique-Krishnapatnam,Mozambique,Krishnapatnam,Supramax,17.91
2026-07-08,Mozambique-Krishnapatnam,Mozambique,Krishnapatnam,Supramax,18.11
2026-07-09,Mozambique-Krishnapatnam,Mozambique,Krishnapatnam,Supramax,18.34
2026-07-10,Mozambique-Krishnapatnam,Mozambique,Krishnapatnam,Supramax,17.68
2026-07-11,Mozambique-Krishnapatnam,Mozambique,Krishnapatnam,Supramax,17.1
2026-07-12,Mozambique-Krishnapatnam,Mozambique,Krishnapatnam,Supramax,17.92
2026-07-13,Mozambique-Krishnapatnam,Mozambique,Krishnapatnam,Supramax,17.38
2026-07-14,Mozambique-Krishnapatnam,Mozambique,Krishnapatnam,Supramax,17.17
2026-07-15,Mozambique-Krishnapatnam,Mozambique,Krishnapatnam,Supramax,17.28
2026-07-16,Mozambique-Krishnapatnam,Mozambique,Krishnapatnam,Supramax,17.35
2026-07-17,Mozambique-Krishnapatnam,Mozambique,Krishnapatnam,Supramax,17.17
2026-07-18,Mozambique-Krishnapatnam,Mozambique,Krishnapatnam,Supramax,16.51
2026-07-19,Mozambique-Krishnapatnam,Mozambique,Krishnapatnam,Supramax,17.54
2026-07-20,Mozambique-Krishnapatnam,Mozambique,Krishnapatnam,Supramax,17.65
2026-07-21,Mozambique-Krishnapatnam,Mozambique,Krishnapatnam,Supramax,17.32
2026-07-22,Mozambique-Krishnapatnam,Mozambique,Krishnapatnam,Supramax,16.64
2026-07-23,Mozambique-Krishnapatnam,Mozambique,Krishnapatnam,Supramax,16.91
2026-07-24,Mozambique-Krishnapatnam,Mozambique,Krishnapatnam,Supramax,16.95
2026-07-25,Mozambique-Krishnapatnam,Mozambique,Krishnapatnam,Supramax,17.07
2026-07-26,Mozambique-Krishnapatnam,Mozambique,Krishnapatnam,Supramax,16.99
2026-07-27,Mozambique-Krishnapatnam,Mozambique,Krishnapatnam,Supramax,16.47
2026-07-28,Mozambique-Krishnapatnam,Mozambique,Krishnapatnam,Supramax,16.71
2026-07-29,Mozambique-Krishnapatnam,Mozambique,Krishnapatnam,Supramax,16.79
2026-07-30,Mozambique-Krishnapatnam,Mozambique,Krishnapatnam,Supramax,17.1
2026-07-31,Mozambique-Krishnapatnam,Mozambique,Krishnapatnam,Supramax,16.77
2026-08-01,Mozambique-Krishnapatnam,Mozambique,Krishnapatnam,Supramax,16.76
2026-08-02,Mozambique-Krishnapatnam,Mozambique,Krishnapatnam,Supramax,16.47
2026-08-03,Mozambique-Krishnapatnam,Mozambique,Krishnapatnam,Supramax,16.87
2026-08-04,Mozambique-Krishnapatnam,Mozambique,Krishnapatnam,Supramax,16.53
2026-08-05,Mozambique-Krishnapatnam,Mozambique,Krishnapatnam,Supramax,16.05
2026-08-06,Mozambique-Krishnapatnam,Mozambique,Krishnapatnam,Supramax,16.77
2026-08-07,Mozambique-Krishnapatnam,Mozambique,Krishnapatnam,Supramax,16.5
2026-08-08,Mozambique-Krishnapatnam,Mozambique,Krishnapatnam,Supramax,16.03
2026-08-09,Mozambique-Krishnapatnam,Mozambique,Krishnapatnam,Supramax,16.0
2026-08-10,Mozambique-Krishnapatnam,Mozambique,Krishnapatnam,Supramax,16.27
2026-08-11,Mozambique-Krishnapatnam,Mozambique,Krishnapatnam,Supramax,16.27
2026-08-12,Mozambique-Krishnapatnam,Mozambique,Krishnapatnam,Supramax,16.17
2026-08-13,Mozambique-Krishnapatnam,Mozambique,Krishnapatnam,Supramax,16.19
2026-08-14,Mozambique-Krishnapatnam,Mozambique,Krishnapatnam,Supramax,16.67
2026-08-15,Mozambique-Krishnapatnam,Mozambique,Krishnapatnam,Supramax,16.48
2026-08-16,Mozambique-Krishnapatnam,Mozambique,Krishnapatnam,Supramax,16.14
2026-08-17,Mozambique-Krishnapatnam,Mozambique,Krishnapatnam,Supramax,16.35
2026-08-18,Mozambique-Krishnapatnam,Mozambique,Krishnapatnam,Supramax,15.61
2026-08-19,Mozambique-Krishnapatnam,Mozambique,Krishnapatnam,Supramax,16.06
2026-08-20,Mozambique-Krishnapatnam,Mozambique,Krishnapatnam,Supramax,16.53
2026-08-21,Mozambique-Krishnapatnam,Mozambique,Krishnapatnam,Supramax,15.81
2026-08-22,Mozambique-Krishnapatnam,Mozambique,Krishnapatnam,Supramax,15.58
2026-08-23,Mozambique-Krishnapatnam,Mozambique,Krishnapatnam,Supramax,15.65
2026-08-24,Mozambique-Krishnapatnam,Mozambique,Krishnapatnam,Supramax,15.48
2026-08-25,Mozambique-Krishnapatnam,Mozambique,Krishnapatnam,Supramax,15.62
2026-08-26,Mozambique-Krishnapatnam,Mozambique,Krishnapatnam,Supramax,15.74
2026-08-27,Mozambique-Krishnapatnam,Mozambique,Krishnapatnam,Supramax,15.45
2026-08-28,Mozambique-Krishnapatnam,Mozambique,Krishnapatnam,Supramax,15.95
2026-08-29,Mozambique-Krishnapatnam,Mozambique,Krishnapatnam,Supramax,16.23
2026-08-30,Mozambique-Krishnapatnam,Mozambique,Krishnapatnam,Supramax,15.55
2026-08-31,Mozambique-Krishnapatnam,Mozambique,Krishnapatnam,Supramax,16.41
2026-09-01,Mozambique-Krishnapatnam,Mozambique,Krishnapatnam,Supramax,16.05
2026-09-02,Mozambique-Krishnapatnam,Mozambique,Krishnapatnam,Supramax,16.24
2026-09-03,Mozambique-Krishnapatnam,Mozambique,Krishnapatnam,Supramax,15.67
2026-09-04,Mozambique-Krishnapatnam,Mozambique,Krishnapatnam,Supramax,16.19
2026-03-01,Mozambique-Krishnapatnam,Mozambique,Krishnapatnam,Panamax,17.9
2026-03-02,Mozambique-Krishnapatnam,Mozambique,Krishnapatnam,Panamax,17.92
2026-03-03,Mozambique-Krishnapatnam,Mozambique,Krishnapatnam,Panamax,17.53
2026-03-04,Mozambique-Krishnapatnam,Mozambique,Krishnapatnam,Panamax,18.54
2026-03-05,Mozambique-Krishnapatnam,Mozambique,Krishnapatnam,Panamax,17.93
2026-03-06,Mozambique-Krishnapatnam,Mozambique,Krishnapatnam,Panamax,18.07
2026-03-07,Mozambique-Krishnapatnam,Mozambique,Krishnapatnam,Panamax,18.05
2026-03-08,Mozambique-Krishnapatnam,Mozambique,Krishnapatnam,Panamax,18.75
2026-03-09,Mozambique-Krishnapatnam,Mozambique,Krishnapatnam,Panamax,18.03
2026-03-10,Mozambique-Krishnapatnam,Mozambique,Krishnapatnam,Panamax,18.87
2026-03-11,Mozambique-Krishnapatnam,Mozambique,Krishnapatnam,Panamax,19.08
2026-03-12,Mozambique-Krishnapatnam,Mozambique,Krishnapatnam,Panamax,18.96
2026-03-13,Mozambique-Krishnapatnam,Mozambique,Krishnapatnam,Panamax,19.1
2026-03-14,Mozambique-Krishnapatnam,Mozambique,Krishnapatnam,Panamax,19.13
2026-03-15,Mozambique-Krishnapatnam,Mozambique,Krishnapatnam,Panamax,18.56
2026-03-16,Mozambique-Krishnapatnam,Mozambique,Krishnapatnam,Panamax,19.44
2026-03-17,Mozambique-Krishnapatnam,Mozambique,Krishnapatnam,Panamax,18.82
2026-03-18,Mozambique-Krishnapatnam,Mozambique,Krishnapatnam,Panamax,19.04
2026-03-19,Mozambique-Krishnapatnam,Mozambique,Krishnapatnam,Panamax,18.99
2026-03-20,Mozambique-Krishnapatnam,Mozambique,Krishnapatnam,Panamax,19.3
2026-03-21,Mozambique-Krishnapatnam,Mozambique,Krishnapatnam,Panamax,19.05
2026-03-22,Mozambique-Krishnapatnam,Mozambique,Krishnapatnam,Panamax,19.32
2026-03-23,Mozambique-Krishnapatnam,Mozambique,Krishnapatnam,Panamax,18.93
2026-03-24,Mozambique-Krishnapatnam,Mozambique,Krishnapatnam,Panamax,19.8
2026-03-25,Mozambique-Krishnapatnam,Mozambique,Krishnapatnam,Panamax,19.67
2026-03-26,Mozambique-Krishnapatnam,Mozambique,Krishnapatnam,Panamax,19.4
2026-03-27,Mozambique-Krishnapatnam,Mozambique,Krishnapatnam,Panamax,19.36
2026-03-28,Mozambique-Krishnapatnam,Mozambique,Krishnapatnam,Panamax,19.83
2026-03-29,Mozambique-Krishnapatnam,Mozambique,Krishnapatnam,Panamax,19.39
2026-03-30,Mozambique-Krishnapatnam,Mozambique,Krishnapatnam,Panamax,19.73
2026-03-31,Mozambique-Krishnapatnam,Mozambique,Krishnapatnam,Panamax,20.14
2026-04-01,Mozambique-Krishnapatnam,Mozambique,Krishnapatnam,Panamax,19.56
2026-04-02,Mozambique-Krishnapatnam,Mozambique,Krishnapatnam,Panamax,20.02
2026-04-03,Mozambique-Krishnapatnam,Mozambique,Krishnapatnam,Panamax,20.03
2026-04-04,Mozambique-Krishnapatnam,Mozambique,Krishnapatnam,Panamax,19.96
2026-04-05,Mozambique-Krishnapatnam,Mozambique,Krishnapatnam,Panamax,19.83
2026-04-06,Mozambique-Krishnapatnam,Mozambique,Krishnapatnam,Panamax,20.49
2026-04-07,Mozambique-Krishnapatnam,Mozambique,Krishnapatnam,Panamax,19.85
2026-04-08,Mozambique-Krishnapatnam,Mozambique,Krishnapatnam,Panamax,19.43
2026-04-09,Mozambique-Krishnapatnam,Mozambique,Krishnapatnam,Panamax,20.34
2026-04-10,Mozambique-Krishnapatnam,Mozambique,Krishnapatnam,Panamax,19.76
2026-04-11,Mozambique-Krishnapatnam,Mozambique,Krishnapatnam,Panamax,20.47
2026-04-12,Mozambique-Krishnapatnam,Mozambique,Krishnapatnam,Panamax,20.73
2026-04-13,Mozambique-Krishnapatnam,Mozambique,Krishnapatnam,Panamax,20.52
2026-04-14,Mozambique-Krishnapatnam,Mozambique,Krishnapatnam,Panamax,20.67
2026-04-15,Mozambique-Krishnapatnam,Mozambique,Krishnapatnam,Panamax,21.01
2026-04-16,Mozambique-Krishnapatnam,Mozambique,Krishnapatnam,Panamax,20.67
2026-04-17,Mozambique-Krishnapatnam,Mozambique,Krishnapatnam,Panamax,20.51
2026-04-18,Mozambique-Krishnapatnam,Mozambique,Krishnapatnam,Panamax,21.01
2026-04-19,Mozambique-Krishnapatnam,Mozambique,Krishnapatnam,Panamax,21.03
2026-04-20,Mozambique-Krishnapatnam,Mozambique,Krishnapatnam,Panamax,21.07
2026-04-21,Mozambique-Krishnapatnam,Mozambique,Krishnapatnam,Panamax,20.3
2026-04-22,Mozambique-Krishnapatnam,Mozambique,Krishnapatnam,Panamax,20.0
2026-04-23,Mozambique-Krishnapatnam,Mozambique,Krishnapatnam,Panamax,20.33
2026-04-24,Mozambique-Krishnapatnam,Mozambique,Krishnapatnam,Panamax,20.82
2026-04-25,Mozambique-Krishnapatnam,Mozambique,Krishnapatnam,Panamax,20.68
2026-04-26,Mozambique-Krishnapatnam,Mozambique,Krishnapatnam,Panamax,20.55
2026-04-27,Mozambique-Krishnapatnam,Mozambique,Krishnapatnam,Panamax,20.82
2026-04-28,Mozambique-Krishnapatnam,Mozambique,Krishnapatnam,Panamax,20.14
2026-04-29,Mozambique-Krishnapatnam,Mozambique,Krishnapatnam,Panamax,20.75
2026-04-30,Mozambique-Krishnapatnam,Mozambique,Krishnapatnam,Panamax,21.09
2026-05-01,Mozambique-Krishnapatnam,Mozambique,Krishnapatnam,Panamax,20.9
2026-05-02,Mozambique-Krishnapatnam,Mozambique,Krishnapatnam,Panamax,20.92
2026-05-03,Mozambique-Krishnapatnam,Mozambique,Krishnapatnam,Panamax,21.21
2026-05-04,Mozambique-Krishnapatnam,Mozambique,Krishnapatnam,Panamax,20.66
2026-05-05,Mozambique-Krishnapatnam,Mozambique,Krishnapatnam,Panamax,20.5
2026-05-06,Mozambique-Krishnapatnam,Mozambique,Krishnapatnam,Panamax,21.15
2026-05-07,Mozambique-Krishnapatnam,Mozambique,Krishnapatnam,Panamax,21.17
2026-05-08,Mozambique-Krishnapatnam,Mozambique,Krishnapatnam,Panamax,20.97
2026-05-09,Mozambique-Krishnapatnam,Mozambique,Krishnapatnam,Panamax,20.7
2026-05-10,Mozambique-Krishnapatnam,Mozambique,Krishnapatnam,Panamax,20.77
2026-05-11,Mozambique-Krishnapatnam,Mozambique,Krishnapatnam,Panamax,20.36
2026-05-12,Mozambique-Krishnapatnam,Mozambique,Krishnapatnam,Panamax,21.19
2026-05-13,Mozambique-Krishnapatnam,Mozambique,Krishnapatnam,Panamax,21.22
2026-05-14,Mozambique-Krishnapatnam,Mozambique,Krishnapatnam,Panamax,20.3
2026-05-15,Mozambique-Krishnapatnam,Mozambique,Krishnapatnam,Panamax,21.07
2026-05-16,Mozambique-Krishnapatnam,Mozambique,Krishnapatnam,Panamax,20.9
2026-05-17,Mozambique-Krishnapatnam,Mozambique,Krishnapatnam,Panamax,20.38
2026-05-18,Mozambique-Krishnapatnam,Mozambique,Krishnapatnam,Panamax,20.31
2026-05-19,Mozambique-Krishnapatnam,Mozambique,Krishnapatnam,Panamax,20.79
2026-05-20,Mozambique-Krishnapatnam,Mozambique,Krishnapatnam,Panamax,20.49
2026-05-21,Mozambique-Krishnapatnam,Mozambique,Krishnapatnam,Panamax,21.26
2026-05-22,Mozambique-Krishnapatnam,Mozambique,Krishnapatnam,Panamax,20.98
2026-05-23,Mozambique-Krishnapatnam,Mozambique,Krishnapatnam,Panamax,20.78
2026-05-24,Mozambique-Krishnapatnam,Mozambique,Krishnapatnam,Panamax,20.75
2026-05-25,Mozambique-Krishnapatnam,Mozambique,Krishnapatnam,Panamax,21.0
2026-05-26,Mozambique-Krishnapatnam,Mozambique,Krishnapatnam,Panamax,20.83
2026-05-27,Mozambique-Krishnapatnam,Mozambique,Krishnapatnam,Panamax,20.69
2026-05-28,Mozambique-Krishnapatnam,Mozambique,Krishnapatnam,Panamax,20.13
2026-05-29,Mozambique-Krishnapatnam,Mozambique,Krishnapatnam,Panamax,21.54
2026-05-30,Mozambique-Krishnapatnam,Mozambique,Krishnapatnam,Panamax,20.05
2026-05-31,Mozambique-Krishnapatnam,Mozambique,Krishnapatnam,Panamax,20.33
2026-06-01,Mozambique-Krishnapatnam,Mozambique,Krishnapatnam,Panamax,19.81
2026-06-02,Mozambique-Krishnapatnam,Mozambique,Krishnapatnam,Panamax,20.53
2026-06-03,Mozambique-Krishnapatnam,Mozambique,Krishnapatnam,Panamax,20.35
2026-06-04,Mozambique-Krishnapatnam,Mozambique,Krishnapatnam,Panamax,20.49
2026-06-05,Mozambique-Krishnapatnam,Mozambique,Krishnapatnam,Panamax,19.59
2026-06-06,Mozambique-Krishnapatnam,Mozambique,Krishnapatnam,Panamax,20.56
2026-06-07,Mozambique-Krishnapatnam,Mozambique,Krishnapatnam,Panamax,19.86
2026-06-08,Mozambique-Krishnapatnam,Mozambique,Krishnapatnam,Panamax,20.04
2026-06-09,Mozambique-Krishnapatnam,Mozambique,Krishnapatnam,Panamax,20.34
2026-06-10,Mozambique-Krishnapatnam,Mozambique,Krishnapatnam,Panamax,20.06
2026-06-11,Mozambique-Krishnapatnam,Mozambique,Krishnapatnam,Panamax,20.03
2026-06-12,Mozambique-Krishnapatnam,Mozambique,Krishnapatnam,Panamax,20.13
2026-06-13,Mozambique-Krishnapatnam,Mozambique,Krishnapatnam,Panamax,19.96
2026-06-14,Mozambique-Krishnapatnam,Mozambique,Krishnapatnam,Panamax,19.66
2026-06-15,Mozambique-Krishnapatnam,Mozambique,Krishnapatnam,Panamax,19.74
2026-06-16,Mozambique-Krishnapatnam,Mozambique,Krishnapatnam,Panamax,19.84
2026-06-17,Mozambique-Krishnapatnam,Mozambique,Krishnapatnam,Panamax,19.42
2026-06-18,Mozambique-Krishnapatnam,Mozambique,Krishnapatnam,Panamax,20.03
2026-06-19,Mozambique-Krishnapatnam,Mozambique,Krishnapatnam,Panamax,19.69
2026-06-20,Mozambique-Krishnapatnam,Mozambique,Krishnapatnam,Panamax,19.57
2026-06-21,Mozambique-Krishnapatnam,Mozambique,Krishnapatnam,Panamax,19.92
2026-06-22,Mozambique-Krishnapatnam,Mozambique,Krishnapatnam,Panamax,19.49
2026-06-23,Mozambique-Krishnapatnam,Mozambique,Krishnapatnam,Panamax,19.42
2026-06-24,Mozambique-Krishnapatnam,Mozambique,Krishnapatnam,Panamax,19.28
2026-06-25,Mozambique-Krishnapatnam,Mozambique,Krishnapatnam,Panamax,19.53
2026-06-26,Mozambique-Krishnapatnam,Mozambique,Krishnapatnam,Panamax,19.44
2026-06-27,Mozambique-Krishnapatnam,Mozambique,Krishnapatnam,Panamax,19.09
2026-06-28,Mozambique-Krishnapatnam,Mozambique,Krishnapatnam,Panamax,19.24
2026-06-29,Mozambique-Krishnapatnam,Mozambique,Krishnapatnam,Panamax,19.05
2026-06-30,Mozambique-Krishnapatnam,Mozambique,Krishnapatnam,Panamax,18.97
2026-07-01,Mozambique-Krishnapatnam,Mozambique,Krishnapatnam,Panamax,18.61
2026-07-02,Mozambique-Krishnapatnam,Mozambique,Krishnapatnam,Panamax,19.05
2026-07-03,Mozambique-Krishnapatnam,Mozambique,Krishnapatnam,Panamax,18.51
2026-07-04,Mozambique-Krishnapatnam,Mozambique,Krishnapatnam,Panamax,18.97
2026-07-05,Mozambique-Krishnapatnam,Mozambique,Krishnapatnam,Panamax,18.85
2026-07-06,Mozambique-Krishnapatnam,Mozambique,Krishnapatnam,Panamax,19.37
2026-07-07,Mozambique-Krishnapatnam,Mozambique,Krishnapatnam,Panamax,18.61
2026-07-08,Mozambique-Krishnapatnam,Mozambique,Krishnapatnam,Panamax,18.65
2026-07-09,Mozambique-Krishnapatnam,Mozambique,Krishnapatnam,Panamax,18.69
2026-07-10,Mozambique-Krishnapatnam,Mozambique,Krishnapatnam,Panamax,18.59
2026-07-11,Mozambique-Krishnapatnam,Mozambique,Krishnapatnam,Panamax,19.2
2026-07-12,Mozambique-Krishnapatnam,Mozambique,Krishnapatnam,Panamax,18.3
2026-07-13,Mozambique-Krishnapatnam,Mozambique,Krishnapatnam,Panamax,18.5
2026-07-14,Mozambique-Krishnapatnam,Mozambique,Krishnapatnam,Panamax,18.76
2026-07-15,Mozambique-Krishnapatnam,Mozambique,Krishnapatnam,Panamax,18.89
2026-07-16,Mozambique-Krishnapatnam,Mozambique,Krishnapatnam,Panamax,18.41
2026-07-17,Mozambique-Krishnapatnam,Mozambique,Krishnapatnam,Panamax,17.86
2026-07-18,Mozambique-Krishnapatnam,Mozambique,Krishnapatnam,Panamax,18.41
2026-07-19,Mozambique-Krishnapatnam,Mozambique,Krishnapatnam,Panamax,18.91
2026-07-20,Mozambique-Krishnapatnam,Mozambique,Krishnapatnam,Panamax,18.55
2026-07-21,Mozambique-Krishnapatnam,Mozambique,Krishnapatnam,Panamax,18.45
2026-07-22,Mozambique-Krishnapatnam,Mozambique,Krishnapatnam,Panamax,17.97
2026-07-23,Mozambique-Krishnapatnam,Mozambique,Krishnapatnam,Panamax,17.92
2026-07-24,Mozambique-Krishnapatnam,Mozambique,Krishnapatnam,Panamax,18.33
2026-07-25,Mozambique-Krishnapatnam,Mozambique,Krishnapatnam,Panamax,17.76
2026-07-26,Mozambique-Krishnapatnam,Mozambique,Krishnapatnam,Panamax,18.47
2026-07-27,Mozambique-Krishnapatnam,Mozambique,Krishnapatnam,Panamax,17.89
2026-07-28,Mozambique-Krishnapatnam,Mozambique,Krishnapatnam,Panamax,18.17
2026-07-29,Mozambique-Krishnapatnam,Mozambique,Krishnapatnam,Panamax,17.5
2026-07-30,Mozambique-Krishnapatnam,Mozambique,Krishnapatnam,Panamax,18.01
2026-07-31,Mozambique-Krishnapatnam,Mozambique,Krishnapatnam,Panamax,17.7
2026-08-01,Mozambique-Krishnapatnam,Mozambique,Krishnapatnam,Panamax,17.29
2026-08-02,Mozambique-Krishnapatnam,Mozambique,Krishnapatnam,Panamax,18.28
2026-08-03,Mozambique-Krishnapatnam,Mozambique,Krishnapatnam,Panamax,18.63
2026-08-04,Mozambique-Krishnapatnam,Mozambique,Krishnapatnam,Panamax,18.5
2026-08-05,Mozambique-Krishnapatnam,Mozambique,Krishnapatnam,Panamax,18.34
2026-08-06,Mozambique-Krishnapatnam,Mozambique,Krishnapatnam,Panamax,17.91
2026-08-07,Mozambique-Krishnapatnam,Mozambique,Krishnapatnam,Panamax,18.35
2026-08-08,Mozambique-Krishnapatnam,Mozambique,Krishnapatnam,Panamax,18.46
2026-08-09,Mozambique-Krishnapatnam,Mozambique,Krishnapatnam,Panamax,18.09
2026-08-10,Mozambique-Krishnapatnam,Mozambique,Krishnapatnam,Panamax,17.66
2026-08-11,Mozambique-Krishnapatnam,Mozambique,Krishnapatnam,Panamax,17.87
2026-08-12,Mozambique-Krishnapatnam,Mozambique,Krishnapatnam,Panamax,18.67
2026-08-13,Mozambique-Krishnapatnam,Mozambique,Krishnapatnam,Panamax,18.06
2026-08-14,Mozambique-Krishnapatnam,Mozambique,Krishnapatnam,Panamax,16.94
2026-08-15,Mozambique-Krishnapatnam,Mozambique,Krishnapatnam,Panamax,17.65
2026-08-16,Mozambique-Krishnapatnam,Mozambique,Krishnapatnam,Panamax,18.01
2026-08-17,Mozambique-Krishnapatnam,Mozambique,Krishnapatnam,Panamax,18.51
2026-08-18,Mozambique-Krishnapatnam,Mozambique,Krishnapatnam,Panamax,18.03
2026-08-19,Mozambique-Krishnapatnam,Mozambique,Krishnapatnam,Panamax,18.47
2026-08-20,Mozambique-Krishnapatnam,Mozambique,Krishnapatnam,Panamax,17.93
2026-08-21,Mozambique-Krishnapatnam,Mozambique,Krishnapatnam,Panamax,17.44
2026-08-22,Mozambique-Krishnapatnam,Mozambique,Krishnapatnam,Panamax,17.98
2026-08-23,Mozambique-Krishnapatnam,Mozambique,Krishnapatnam,Panamax,18.31
2026-08-24,Mozambique-Krishnapatnam,Mozambique,Krishnapatnam,Panamax,18.3
2026-08-25,Mozambique-Krishnapatnam,Mozambique,Krishnapatnam,Panamax,17.82
2026-08-26,Mozambique-Krishnapatnam,Mozambique,Krishnapatnam,Panamax,18.15
2026-08-27,Mozambique-Krishnapatnam,Mozambique,Krishnapatnam,Panamax,19.31
2026-08-28,Mozambique-Krishnapatnam,Mozambique,Krishnapatnam,Panamax,17.98
2026-08-29,Mozambique-Krishnapatnam,Mozambique,Krishnapatnam,Panamax,18.64
2026-08-30,Mozambique-Krishnapatnam,Mozambique,Krishnapatnam,Panamax,17.66
2026-08-31,Mozambique-Krishnapatnam,Mozambique,Krishnapatnam,Panamax,18.74
2026-09-01,Mozambique-Krishnapatnam,Mozambique,Krishnapatnam,Panamax,18.14
2026-09-02,Mozambique-Krishnapatnam,Mozambique,Krishnapatnam,Panamax,18.65
2026-09-03,Mozambique-Krishnapatnam,Mozambique,Krishnapatnam,Panamax,18.1
2026-09-04,Mozambique-Krishnapatnam,Mozambique,Krishnapatnam,Panamax,18.68
2026-03-01,Mozambique-Krishnapatnam,Mozambique,Krishnapatnam,Capesize,14.5
2026-03-02,Mozambique-Krishnapatnam,Mozambique,Krishnapatnam,Capesize,14.58
2026-03-03,Mozambique-Krishnapatnam,Mozambique,Krishnapatnam,Capesize,14.65
2026-03-04,Mozambique-Krishnapatnam,Mozambique,Krishnapatnam,Capesize,15.23
2026-03-05,Mozambique-Krishnapatnam,Mozambique,Krishnapatnam,Capesize,14.6
2026-03-06,Mozambique-Krishnapatnam,Mozambique,Krishnapatnam,Capesize,15.11
2026-03-07,Mozambique-Krishnapatnam,Mozambique,Krishnapatnam,Capesize,15.56
2026-03-08,Mozambique-Krishnapatnam,Mozambique,Krishnapatnam,Capesize,15.03
2026-03-09,Mozambique-Krishnapatnam,Mozambique,Krishnapatnam,Capesize,15.0
2026-03-10,Mozambique-Krishnapatnam,Mozambique,Krishnapatnam,Capesize,15.24
2026-03-11,Mozambique-Krishnapatnam,Mozambique,Krishnapatnam,Capesize,15.77
2026-03-12,Mozambique-Krishnapatnam,Mozambique,Krishnapatnam,Capesize,15.47
2026-03-13,Mozambique-Krishnapatnam,Mozambique,Krishnapatnam,Capesize,15.27
2026-03-14,Mozambique-Krishnapatnam,Mozambique,Krishnapatnam,Capesize,15.62
2026-03-15,Mozambique-Krishnapatnam,Mozambique,Krishnapatnam,Capesize,15.06
2026-03-16,Mozambique-Krishnapatnam,Mozambique,Krishnapatnam,Capesize,15.72
2026-03-17,Mozambique-Krishnapatnam,Mozambique,Krishnapatnam,Capesize,15.64
2026-03-18,Mozambique-Krishnapatnam,Mozambique,Krishnapatnam,Capesize,15.45
2026-03-19,Mozambique-Krishnapatnam,Mozambique,Krishnapatnam,Capesize,15.29
2026-03-20,Mozambique-Krishnapatnam,Mozambique,Krishnapatnam,Capesize,15.27
2026-03-21,Mozambique-Krishnapatnam,Mozambique,Krishnapatnam,Capesize,15.86
2026-03-22,Mozambique-Krishnapatnam,Mozambique,Krishnapatnam,Capesize,16.14
2026-03-23,Mozambique-Krishnapatnam,Mozambique,Krishnapatnam,Capesize,15.54
2026-03-24,Mozambique-Krishnapatnam,Mozambique,Krishnapatnam,Capesize,15.92
2026-03-25,Mozambique-Krishnapatnam,Mozambique,Krishnapatnam,Capesize,15.06
2026-03-26,Mozambique-Krishnapatnam,Mozambique,Krishnapatnam,Capesize,15.63
2026-03-27,Mozambique-Krishnapatnam,Mozambique,Krishnapatnam,Capesize,15.83
2026-03-28,Mozambique-Krishnapatnam,Mozambique,Krishnapatnam,Capesize,15.57
2026-03-29,Mozambique-Krishnapatnam,Mozambique,Krishnapatnam,Capesize,15.58
2026-03-30,Mozambique-Krishnapatnam,Mozambique,Krishnapatnam,Capesize,15.71
2026-03-31,Mozambique-Krishnapatnam,Mozambique,Krishnapatnam,Capesize,16.06
2026-04-01,Mozambique-Krishnapatnam,Mozambique,Krishnapatnam,Capesize,15.98
2026-04-02,Mozambique-Krishnapatnam,Mozambique,Krishnapatnam,Capesize,15.3
2026-04-03,Mozambique-Krishnapatnam,Mozambique,Krishnapatnam,Capesize,15.34
2026-04-04,Mozambique-Krishnapatnam,Mozambique,Krishnapatnam,Capesize,15.93
2026-04-05,Mozambique-Krishnapatnam,Mozambique,Krishnapatnam,Capesize,16.3
2026-04-06,Mozambique-Krishnapatnam,Mozambique,Krishnapatnam,Capesize,15.21
2026-04-07,Mozambique-Krishnapatnam,Mozambique,Krishnapatnam,Capesize,15.96
2026-04-08,Mozambique-Krishnapatnam,Mozambique,Krishnapatnam,Capesize,15.94
2026-04-09,Mozambique-Krishnapatnam,Mozambique,Krishnapatnam,Capesize,16.64
2026-04-10,Mozambique-Krishnapatnam,Mozambique,Krishnapatnam,Capesize,16.07
2026-04-11,Mozambique-Krishnapatnam,Mozambique,Krishnapatnam,Capesize,16.36
2026-04-12,Mozambique-Krishnapatnam,Mozambique,Krishnapatnam,Capesize,16.3
2026-04-13,Mozambique-Krishnapatnam,Mozambique,Krishnapatnam,Capesize,15.51
2026-04-14,Mozambique-Krishnapatnam,Mozambique,Krishnapatnam,Capesize,16.5
2026-04-15,Mozambique-Krishnapatnam,Mozambique,Krishnapatnam,Capesize,16.3
2026-04-16,Mozambique-Krishnapatnam,Mozambique,Krishnapatnam,Capesize,16.4
2026-04-17,Mozambique-Krishnapatnam,Mozambique,Krishnapatnam,Capesize,17.65
2026-04-18,Mozambique-Krishnapatnam,Mozambique,Krishnapatnam,Capesize,15.56
2026-04-19,Mozambique-Krishnapatnam,Mozambique,Krishnapatnam,Capesize,16.86
2026-04-20,Mozambique-Krishnapatnam,Mozambique,Krishnapatnam,Capesize,16.17
2026-04-21,Mozambique-Krishnapatnam,Mozambique,Krishnapatnam,Capesize,16.37
2026-04-22,Mozambique-Krishnapatnam,Mozambique,Krishnapatnam,Capesize,16.23
2026-04-23,Mozambique-Krishnapatnam,Mozambique,Krishnapatnam,Capesize,16.12
2026-04-24,Mozambique-Krishnapatnam,Mozambique,Krishnapatnam,Capesize,16.11
2026-04-25,Mozambique-Krishnapatnam,Mozambique,Krishnapatnam,Capesize,16.45
2026-04-26,Mozambique-Krishnapatnam,Mozambique,Krishnapatnam,Capesize,15.78
2026-04-27,Mozambique-Krishnapatnam,Mozambique,Krishnapatnam,Capesize,16.56
2026-04-28,Mozambique-Krishnapatnam,Mozambique,Krishnapatnam,Capesize,16.16
2026-04-29,Mozambique-Krishnapatnam,Mozambique,Krishnapatnam,Capesize,15.93
2026-04-30,Mozambique-Krishnapatnam,Mozambique,Krishnapatnam,Capesize,16.15
2026-05-01,Mozambique-Krishnapatnam,Mozambique,Krishnapatnam,Capesize,16.73
2026-05-02,Mozambique-Krishnapatnam,Mozambique,Krishnapatnam,Capesize,16.06
2026-05-03,Mozambique-Krishnapatnam,Mozambique,Krishnapatnam,Capesize,16.32
2026-05-04,Mozambique-Krishnapatnam,Mozambique,Krishnapatnam,Capesize,15.95
2026-05-05,Mozambique-Krishnapatnam,Mozambique,Krishnapatnam,Capesize,16.5
2026-05-06,Mozambique-Krishnapatnam,Mozambique,Krishnapatnam,Capesize,16.46
2026-05-07,Mozambique-Krishnapatnam,Mozambique,Krishnapatnam,Capesize,16.88
2026-05-08,Mozambique-Krishnapatnam,Mozambique,Krishnapatnam,Capesize,16.16
2026-05-09,Mozambique-Krishnapatnam,Mozambique,Krishnapatnam,Capesize,16.41
2026-05-10,Mozambique-Krishnapatnam,Mozambique,Krishnapatnam,Capesize,16.2
2026-05-11,Mozambique-Krishnapatnam,Mozambique,Krishnapatnam,Capesize,16.64
2026-05-12,Mozambique-Krishnapatnam,Mozambique,Krishnapatnam,Capesize,15.91
2026-05-13,Mozambique-Krishnapatnam,Mozambique,Krishnapatnam,Capesize,16.44
2026-05-14,Mozambique-Krishnapatnam,Mozambique,Krishnapatnam,Capesize,16.01
2026-05-15,Mozambique-Krishnapatnam,Mozambique,Krishnapatnam,Capesize,16.05
2026-05-16,Mozambique-Krishnapatnam,Mozambique,Krishnapatnam,Capesize,16.07
2026-05-17,Mozambique-Krishnapatnam,Mozambique,Krishnapatnam,Capesize,16.09
2026-05-18,Mozambique-Krishnapatnam,Mozambique,Krishnapatnam,Capesize,15.92
2026-05-19,Mozambique-Krishnapatnam,Mozambique,Krishnapatnam,Capesize,15.95
2026-05-20,Mozambique-Krishnapatnam,Mozambique,Krishnapatnam,Capesize,16.38
2026-05-21,Mozambique-Krishnapatnam,Mozambique,Krishnapatnam,Capesize,16.14
2026-05-22,Mozambique-Krishnapatnam,Mozambique,Krishnapatnam,Capesize,16.11
2026-05-23,Mozambique-Krishnapatnam,Mozambique,Krishnapatnam,Capesize,15.59
2026-05-24,Mozambique-Krishnapatnam,Mozambique,Krishnapatnam,Capesize,15.37
2026-05-25,Mozambique-Krishnapatnam,Mozambique,Krishnapatnam,Capesize,15.96
2026-05-26,Mozambique-Krishnapatnam,Mozambique,Krishnapatnam,Capesize,15.91
2026-05-27,Mozambique-Krishnapatnam,Mozambique,Krishnapatnam,Capesize,16.08
2026-05-28,Mozambique-Krishnapatnam,Mozambique,Krishnapatnam,Capesize,15.29
2026-05-29,Mozambique-Krishnapatnam,Mozambique,Krishnapatnam,Capesize,15.39
2026-05-30,Mozambique-Krishnapatnam,Mozambique,Krishnapatnam,Capesize,14.85
2026-05-31,Mozambique-Krishnapatnam,Mozambique,Krishnapatnam,Capesize,15.27
2026-06-01,Mozambique-Krishnapatnam,Mozambique,Krishnapatnam,Capesize,15.68
2026-06-02,Mozambique-Krishnapatnam,Mozambique,Krishnapatnam,Capesize,15.11
2026-06-03,Mozambique-Krishnapatnam,Mozambique,Krishnapatnam,Capesize,15.43
2026-06-04,Mozambique-Krishnapatnam,Mozambique,Krishnapatnam,Capesize,15.04
2026-06-05,Mozambique-Krishnapatnam,Mozambique,Krishnapatnam,Capesize,15.18
2026-06-06,Mozambique-Krishnapatnam,Mozambique,Krishnapatnam,Capesize,14.61
2026-06-07,Mozambique-Krishnapatnam,Mozambique,Krishnapatnam,Capesize,14.99
2026-06-08,Mozambique-Krishnapatnam,Mozambique,Krishnapatnam,Capesize,13.85
2026-06-09,Mozambique-Krishnapatnam,Mozambique,Krishnapatnam,Capesize,14.73
2026-06-10,Mozambique-Krishnapatnam,Mozambique,Krishnapatnam,Capesize,14.15
2026-06-11,Mozambique-Krishnapatnam,Mozambique,Krishnapatnam,Capesize,15.08
2026-06-12,Mozambique-Krishnapatnam,Mozambique,Krishnapatnam,Capesize,14.84
2026-06-13,Mozambique-Krishnapatnam,Mozambique,Krishnapatnam,Capesize,14.67
2026-06-14,Mozambique-Krishnapatnam,Mozambique,Krishnapatnam,Capesize,14.99
2026-06-15,Mozambique-Krishnapatnam,Mozambique,Krishnapatnam,Capesize,14.12
2026-06-16,Mozambique-Krishnapatnam,Mozambique,Krishnapatnam,Capesize,15.01
2026-06-17,Mozambique-Krishnapatnam,Mozambique,Krishnapatnam,Capesize,14.67
2026-06-18,Mozambique-Krishnapatnam,Mozambique,Krishnapatnam,Capesize,14.2
2026-06-19,Mozambique-Krishnapatnam,Mozambique,Krishnapatnam,Capesize,14.56
2026-06-20,Mozambique-Krishnapatnam,Mozambique,Krishnapatnam,Capesize,13.71
2026-06-21,Mozambique-Krishnapatnam,Mozambique,Krishnapatnam,Capesize,13.75
2026-06-22,Mozambique-Krishnapatnam,Mozambique,Krishnapatnam,Capesize,13.83
2026-06-23,Mozambique-Krishnapatnam,Mozambique,Krishnapatnam,Capesize,13.79
2026-06-24,Mozambique-Krishnapatnam,Mozambique,Krishnapatnam,Capesize,13.55
2026-06-25,Mozambique-Krishnapatnam,Mozambique,Krishnapatnam,Capesize,14.29
2026-06-26,Mozambique-Krishnapatnam,Mozambique,Krishnapatnam,Capesize,13.67
2026-06-27,Mozambique-Krishnapatnam,Mozambique,Krishnapatnam,Capesize,13.86
2026-06-28,Mozambique-Krishnapatnam,Mozambique,Krishnapatnam,Capesize,13.49
2026-06-29,Mozambique-Krishnapatnam,Mozambique,Krishnapatnam,Capesize,13.01
2026-06-30,Mozambique-Krishnapatnam,Mozambique,Krishnapatnam,Capesize,13.66
2026-07-01,Mozambique-Krishnapatnam,Mozambique,Krishnapatnam,Capesize,12.87
2026-07-02,Mozambique-Krishnapatnam,Mozambique,Krishnapatnam,Capesize,13.41
2026-07-03,Mozambique-Krishnapatnam,Mozambique,Krishnapatnam,Capesize,12.91
2026-07-04,Mozambique-Krishnapatnam,Mozambique,Krishnapatnam,Capesize,14.09
2026-07-05,Mozambique-Krishnapatnam,Mozambique,Krishnapatnam,Capesize,13.62
2026-07-06,Mozambique-Krishnapatnam,Mozambique,Krishnapatnam,Capesize,13.26
2026-07-07,Mozambique-Krishnapatnam,Mozambique,Krishnapatnam,Capesize,13.61
2026-07-08,Mozambique-Krishnapatnam,Mozambique,Krishnapatnam,Capesize,12.8
2026-07-09,Mozambique-Krishnapatnam,Mozambique,Krishnapatnam,Capesize,13.18
2026-07-10,Mozambique-Krishnapatnam,Mozambique,Krishnapatnam,Capesize,13.0
2026-07-11,Mozambique-Krishnapatnam,Mozambique,Krishnapatnam,Capesize,12.93
2026-07-12,Mozambique-Krishnapatnam,Mozambique,Krishnapatnam,Capesize,13.24
2026-07-13,Mozambique-Krishnapatnam,Mozambique,Krishnapatnam,Capesize,12.97
2026-07-14,Mozambique-Krishnapatnam,Mozambique,Krishnapatnam,Capesize,12.8
2026-07-15,Mozambique-Krishnapatnam,Mozambique,Krishnapatnam,Capesize,12.04
2026-07-16,Mozambique-Krishnapatnam,Mozambique,Krishnapatnam,Capesize,12.22
2026-07-17,Mozambique-Krishnapatnam,Mozambique,Krishnapatnam,Capesize,12.49
2026-07-18,Mozambique-Krishnapatnam,Mozambique,Krishnapatnam,Capesize,12.47
2026-07-19,Mozambique-Krishnapatnam,Mozambique,Krishnapatnam,Capesize,12.0
2026-07-20,Mozambique-Krishnapatnam,Mozambique,Krishnapatnam,Capesize,13.23
2026-07-21,Mozambique-Krishnapatnam,Mozambique,Krishnapatnam,Capesize,12.81
2026-07-22,Mozambique-Krishnapatnam,Mozambique,Krishnapatnam,Capesize,12.45
2026-07-23,Mozambique-Krishnapatnam,Mozambique,Krishnapatnam,Capesize,12.22
2026-07-24,Mozambique-Krishnapatnam,Mozambique,Krishnapatnam,Capesize,12.1
2026-07-25,Mozambique-Krishnapatnam,Mozambique,Krishnapatnam,Capesize,11.76
2026-07-26,Mozambique-Krishnapatnam,Mozambique,Krishnapatnam,Capesize,12.03
2026-07-27,Mozambique-Krishnapatnam,Mozambique,Krishnapatnam,Capesize,12.07
2026-07-28,Mozambique-Krishnapatnam,Mozambique,Krishnapatnam,Capesize,11.51
2026-07-29,Mozambique-Krishnapatnam,Mozambique,Krishnapatnam,Capesize,12.03
2026-07-30,Mozambique-Krishnapatnam,Mozambique,Krishnapatnam,Capesize,11.82
2026-07-31,Mozambique-Krishnapatnam,Mozambique,Krishnapatnam,Capesize,11.15
2026-08-01,Mozambique-Krishnapatnam,Mozambique,Krishnapatnam,Capesize,11.49
2026-08-02,Mozambique-Krishnapatnam,Mozambique,Krishnapatnam,Capesize,11.61
2026-08-03,Mozambique-Krishnapatnam,Mozambique,Krishnapatnam,Capesize,12.36
2026-08-04,Mozambique-Krishnapatnam,Mozambique,Krishnapatnam,Capesize,11.92
2026-08-05,Mozambique-Krishnapatnam,Mozambique,Krishnapatnam,Capesize,11.24
2026-08-06,Mozambique-Krishnapatnam,Mozambique,Krishnapatnam,Capesize,11.81
2026-08-07,Mozambique-Krishnapatnam,Mozambique,Krishnapatnam,Capesize,11.09
2026-08-08,Mozambique-Krishnapatnam,Mozambique,Krishnapatnam,Capesize,11.95
2026-08-09,Mozambique-Krishnapatnam,Mozambique,Krishnapatnam,Capesize,11.4
2026-08-10,Mozambique-Krishnapatnam,Mozambique,Krishnapatnam,Capesize,11.54
2026-08-11,Mozambique-Krishnapatnam,Mozambique,Krishnapatnam,Capesize,11.99
2026-08-12,Mozambique-Krishnapatnam,Mozambique,Krishnapatnam,Capesize,11.08
2026-08-13,Mozambique-Krishnapatnam,Mozambique,Krishnapatnam,Capesize,11.03
2026-08-14,Mozambique-Krishnapatnam,Mozambique,Krishnapatnam,Capesize,11.32
2026-08-15,Mozambique-Krishnapatnam,Mozambique,Krishnapatnam,Capesize,11.92
2026-08-16,Mozambique-Krishnapatnam,Mozambique,Krishnapatnam,Capesize,11.0
2026-08-17,Mozambique-Krishnapatnam,Mozambique,Krishnapatnam,Capesize,10.51
2026-08-18,Mozambique-Krishnapatnam,Mozambique,Krishnapatnam,Capesize,11.3
2026-08-19,Mozambique-Krishnapatnam,Mozambique,Krishnapatnam,Capesize,11.61
2026-08-20,Mozambique-Krishnapatnam,Mozambique,Krishnapatnam,Capesize,11.82
2026-08-21,Mozambique-Krishnapatnam,Mozambique,Krishnapatnam,Capesize,11.24
2026-08-22,Mozambique-Krishnapatnam,Mozambique,Krishnapatnam,Capesize,11.26
2026-08-23,Mozambique-Krishnapatnam,Mozambique,Krishnapatnam,Capesize,11.82
2026-08-24,Mozambique-Krishnapatnam,Mozambique,Krishnapatnam,Capesize,10.76
2026-08-25,Mozambique-Krishnapatnam,Mozambique,Krishnapatnam,Capesize,11.32
2026-08-26,Mozambique-Krishnapatnam,Mozambique,Krishnapatnam,Capesize,11.51
2026-08-27,Mozambique-Krishnapatnam,Mozambique,Krishnapatnam,Capesize,11.68
2026-08-28,Mozambique-Krishnapatnam,Mozambique,Krishnapatnam,Capesize,11.36
2026-08-29,Mozambique-Krishnapatnam,Mozambique,Krishnapatnam,Capesize,11.53
2026-08-30,Mozambique-Krishnapatnam,Mozambique,Krishnapatnam,Capesize,10.61
2026-08-31,Mozambique-Krishnapatnam,Mozambique,Krishnapatnam,Capesize,11.27
2026-09-01,Mozambique-Krishnapatnam,Mozambique,Krishnapatnam,Capesize,11.66
2026-09-02,Mozambique-Krishnapatnam,Mozambique,Krishnapatnam,Capesize,11.18
2026-09-03,Mozambique-Krishnapatnam,Mozambique,Krishnapatnam,Capesize,11.57
2026-09-04,Mozambique-Krishnapatnam,Mozambique,Krishnapatnam,Capesize,11.71
2026-09-05,Australia-Paradip,Australia,Paradip,Capesize,12.49
2026-09-05,Australia-Paradip,Australia,Paradip,Handysize,30.1
2026-09-05,Australia-Paradip,Australia,Paradip,Panamax,20.5
2026-09-05,Australia-Paradip,Australia,Paradip,Supramax,27.94
2026-09-05,Indonesia-Visakhapatnam,Indonesia,Visakhapatnam,Capesize,12.86
2026-09-05,Indonesia-Visakhapatnam,Indonesia,Visakhapatnam,Handysize,22.3
2026-09-05,Indonesia-Visakhapatnam,Indonesia,Visakhapatnam,Panamax,16.37
2026-09-05,Indonesia-Visakhapatnam,Indonesia,Visakhapatnam,Supramax,11.82
2026-09-05,Mozambique-Krishnapatnam,Mozambique,Krishnapatnam,Capesize,11.41
2026-09-05,Mozambique-Krishnapatnam,Mozambique,Krishnapatnam,Handysize,28.09
2026-09-05,Mozambique-Krishnapatnam,Mozambique,Krishnapatnam,Panamax,18.44
2026-09-05,Mozambique-Krishnapatnam,Mozambique,Krishnapatnam,Supramax,15.87
2026-09-06,Australia-Paradip,Australia,Paradip,Capesize,12.61
2026-09-06,Australia-Paradip,Australia,Paradip,Handysize,29.93
2026-09-06,Australia-Paradip,Australia,Paradip,Panamax,20.47
2026-09-06,Australia-Paradip,Australia,Paradip,Supramax,28.12
2026-09-06,Indonesia-Visakhapatnam,Indonesia,Visakhapatnam,Capesize,12.81
2026-09-06,Indonesia-Visakhapatnam,Indonesia,Visakhapatnam,Handysize,22.82
2026-09-06,Indonesia-Visakhapatnam,Indonesia,Visakhapatnam,Panamax,16.25
2026-09-06,Indonesia-Visakhapatnam,Indonesia,Visakhapatnam,Supramax,11.8
2026-09-06,Mozambique-Krishnapatnam,Mozambique,Krishnapatnam,Capesize,11.18
2026-09-06,Mozambique-Krishnapatnam,Mozambique,Krishnapatnam,Handysize,27.83
2026-09-06,Mozambique-Krishnapatnam,Mozambique,Krishnapatnam,Panamax,18.73
2026-09-06,Mozambique-Krishnapatnam,Mozambique,Krishnapatnam,Supramax,15.73
2026-09-07,Australia-Paradip,Australia,Paradip,Capesize,12.71
2026-09-07,Australia-Paradip,Australia,Paradip,Handysize,29.7
2026-09-07,Australia-Paradip,Australia,Paradip,Panamax,20.73
2026-09-07,Australia-Paradip,Australia,Paradip,Supramax,28.03
2026-09-07,Indonesia-Visakhapatnam,Indonesia,Visakhapatnam,Capesize,12.89
2026-09-07,Indonesia-Visakhapatnam,Indonesia,Visakhapatnam,Handysize,22.88
2026-09-07,Indonesia-Visakhapatnam,Indonesia,Visakhapatnam,Panamax,15.96
2026-09-07,Indonesia-Visakhapatnam,Indonesia,Visakhapatnam,Supramax,12.12
2026-09-07,Mozambique-Krishnapatnam,Mozambique,Krishnapatnam,Capesize,11.37
2026-09-07,Mozambique-Krishnapatnam,Mozambique,Krishnapatnam,Handysize,27.85
2026-09-07,Mozambique-Krishnapatnam,Mozambique,Krishnapatnam,Panamax,18.63
2026-09-07,Mozambique-Krishnapatnam,Mozambique,Krishnapatnam,Supramax,15.76
2026-09-08,Australia-Paradip,Australia,Paradip,Capesize,12.58
2026-09-08,Australia-Paradip,Australia,Paradip,Handysize,30.62
2026-09-08,Australia-Paradip,Australia,Paradip,Panamax,20.75
2026-09-08,Australia-Paradip,Australia,Paradip,Supramax,28.35
2026-09-08,Indonesia-Visakhapatnam,Indonesia,Visakhapatnam,Capesize,12.77
2026-09-08,Indonesia-Visakhapatnam,Indonesia,Visakhapatnam,Handysize,23.18
2026-09-08,Indonesia-Visakhapatnam,Indonesia,Visakhapatnam,Panamax,16.11
2026-09-08,Indonesia-Visakhapatnam,Indonesia,Visakhapatnam,Supramax,12.7
2026-09-08,Mozambique-Krishnapatnam,Mozambique,Krishnapatnam,Capesize,11.38
2026-09-08,Mozambique-Krishnapatnam,Mozambique,Krishnapatnam,Handysize,28.03
2026-09-08,Mozambique-Krishnapatnam,Mozambique,Krishnapatnam,Panamax,19.07
2026-09-08,Mozambique-Krishnapatnam,Mozambique,Krishnapatnam,Supramax,16.12
